/*
 Navicat Premium Data Transfer

 Source Server         : localhost_3306
 Source Server Type    : MySQL
 Source Server Version : 50717
 Source Host           : localhost:3306
 Source Schema         : h2201

 Target Server Type    : MySQL
 Target Server Version : 50717
 File Encoding         : 65001

 Date: 03/07/2022 22:25:45
*/

SET NAMES utf8mb4;
SET FOREIGN_KEY_CHECKS = 0;

-- ----------------------------
-- Table structure for admin
-- ----------------------------
DROP TABLE IF EXISTS `admin`;
CREATE TABLE `admin`  (
  `uid` int(10) UNSIGNED NOT NULL AUTO_INCREMENT COMMENT '管理员id',
  `uname` varchar(12) CHARACTER SET utf8 COLLATE utf8_general_ci NOT NULL,
  `pwd` char(32) CHARACTER SET utf8 COLLATE utf8_general_ci NOT NULL,
  PRIMARY KEY (`uid`) USING BTREE
) ENGINE = MyISAM AUTO_INCREMENT = 6 CHARACTER SET = utf8 COLLATE = utf8_general_ci ROW_FORMAT = Dynamic;

-- ----------------------------
-- Records of admin
-- ----------------------------
INSERT INTO `admin` VALUES (1, 'ma', 'd2f2297d6e829cd3493aa7de4416a18f');
INSERT INTO `admin` VALUES (2, '123', '123');
INSERT INTO `admin` VALUES (5, 'admin', '698d51a19d8a121ce581499d7b701668');
INSERT INTO `admin` VALUES (3, 'admin1', '698d51a19d8a121ce581499d7b701668');
INSERT INTO `admin` VALUES (4, 'admin2', 'eee');

-- ----------------------------
-- Table structure for category
-- ----------------------------
DROP TABLE IF EXISTS `category`;
CREATE TABLE `category`  (
  `cid` int(10) UNSIGNED NOT NULL AUTO_INCREMENT COMMENT '分类id',
  `cname` varchar(20) CHARACTER SET utf8 COLLATE utf8_general_ci NOT NULL COMMENT '分类名称',
  `uid` int(11) NOT NULL COMMENT '管理员id',
  `pid` int(11) NOT NULL,
  PRIMARY KEY (`cid`) USING BTREE
) ENGINE = MyISAM AUTO_INCREMENT = 25 CHARACTER SET = utf8 COLLATE = utf8_general_ci ROW_FORMAT = Dynamic;

-- ----------------------------
-- Records of category
-- ----------------------------
INSERT INTO `category` VALUES (1, '家电数码', 2, 0);
INSERT INTO `category` VALUES (2, '服装', 2, 0);
INSERT INTO `category` VALUES (3, '母婴', 2, 0);
INSERT INTO `category` VALUES (4, '手机', 2, 1);
INSERT INTO `category` VALUES (5, '冰箱', 2, 1);
INSERT INTO `category` VALUES (6, '奶粉', 2, 3);
INSERT INTO `category` VALUES (7, '华为', 2, 4);
INSERT INTO `category` VALUES (8, '男装', 2, 2);
INSERT INTO `category` VALUES (21, '耳机', 5, 1);
INSERT INTO `category` VALUES (17, '美的', 5, 5);
INSERT INTO `category` VALUES (18, '耐克', 5, 8);
INSERT INTO `category` VALUES (20, '小米', 1, 4);
INSERT INTO `category` VALUES (22, '锤子', 5, 4);
INSERT INTO `category` VALUES (23, '3C配件', 5, 1);
INSERT INTO `category` VALUES (24, '手机壳', 5, 23);

-- ----------------------------
-- Table structure for goods
-- ----------------------------
DROP TABLE IF EXISTS `goods`;
CREATE TABLE `goods`  (
  `gid` int(10) UNSIGNED NOT NULL AUTO_INCREMENT,
  `gname` varchar(100) CHARACTER SET utf8 COLLATE utf8_general_ci NOT NULL,
  `price` decimal(10, 0) NOT NULL,
  `num` int(11) NOT NULL COMMENT '库存',
  `description` text CHARACTER SET utf8 COLLATE utf8_general_ci NOT NULL COMMENT '商品描述',
  `sprice` decimal(10, 0) NOT NULL COMMENT '促销价',
  `pic` varchar(255) CHARACTER SET utf8 COLLATE utf8_general_ci NOT NULL COMMENT '图片地址',
  `cid` int(11) NOT NULL COMMENT '商品分类',
  PRIMARY KEY (`gid`) USING BTREE
) ENGINE = MyISAM AUTO_INCREMENT = 9 CHARACTER SET = utf8 COLLATE = utf8_general_ci ROW_FORMAT = Dynamic;

-- ----------------------------
-- Records of goods
-- ----------------------------
INSERT INTO `goods` VALUES (1, '锤子手机', 3999, 100, '交个朋友，买个锤子手机', 3699, 'uploads/3d94cccf6a6058b74e34aca3650238be.webp', 22);
INSERT INTO `goods` VALUES (2, 'Smartisan TNT 大满足套装', 4999, 1000, '是下一代手机，更是下一代电脑', 4699, 'uploads/cfa09ec50d5b1f51f35b57840164c351.webp', 4);
INSERT INTO `goods` VALUES (3, 'Smartisan 真无线蓝牙耳机（抖音文创限量款）', 299, 1000, '抖音文创限量版', 269, 'uploads/e8d3d606006d7fc502406790d54cb935.webp', 21);
INSERT INTO `goods` VALUES (4, 'Smartisan 真无线TWS蓝牙耳机', 99, 88, '智能配对，开盖即连', 99, 'uploads/153df194a13759e4694e2f43cec7fcec.webp', 21);
INSERT INTO `goods` VALUES (6, '坚果 R2 足迹系列保护套', 59, 1000, '7种主题随机发货', 50, 'uploads/f410fda2f7f80b66c46009b3b4f65695.webp', 24);
INSERT INTO `goods` VALUES (7, '坚果 R2 足迹系列保护套', 59, 1000, '7种主题随机发货', 50, 'uploads/bc49094a4448fb8dee39b22338997892.webp', 24);
INSERT INTO `goods` VALUES (8, '坚果 R2 足迹系列保护套', 59, 999, '7种主题随机发货', 50, 'uploads/400a8061e2b82418d763d645ed1a299e.webp', 24);

-- ----------------------------
-- Table structure for news
-- ----------------------------
DROP TABLE IF EXISTS `news`;
CREATE TABLE `news`  (
  `id` int(10) UNSIGNED NOT NULL AUTO_INCREMENT,
  `category` int(10) UNSIGNED NOT NULL,
  `title` varchar(60) CHARACTER SET utf8 COLLATE utf8_general_ci NOT NULL,
  `content` text CHARACTER SET utf8 COLLATE utf8_general_ci NOT NULL,
  `time` datetime(0) NOT NULL,
  `hits` int(10) UNSIGNED NOT NULL,
  `author` varchar(30) CHARACTER SET utf8 COLLATE utf8_general_ci NOT NULL,
  PRIMARY KEY (`id`) USING BTREE
) ENGINE = MyISAM AUTO_INCREMENT = 28 CHARACTER SET = utf8 COLLATE = utf8_general_ci ROW_FORMAT = Dynamic;

-- ----------------------------
-- Records of news
-- ----------------------------
INSERT INTO `news` VALUES (1, 2, '习近平同哈萨克斯坦总统纳扎尔巴耶夫举行会谈', '中义防水工程集团成立于2000年的世纪之交，坐落于华南著名的现代化大都市——广州，是一个年轻而朝气蓬勃的现代化防水工程集团。2002年本集团塑造出世界品牌\"速格尔\"，并隆重的推向国际市场。\r\n\r\n中义旗下设有：广州中义防水保温工程有限公司，2000年成为中国建筑防水协会常务理事，中国防水材料工业协会资深理事；香港国际中义防水（集团）公司，2005年已在香港注册登记，成为世界名牌理事会常务理事会员；广东中义防水保温材料有限公司，2008年通过ISO9001-2008国际质量管理体系认证；。\r\n\r\n今天的中义，已发展成为防水保温材料的研发、生产、销售；防水工程设计、施工；防水技术咨询、服务于一体的高新技术企业，企业经济效益和综合实力在华南地区名列前茅，备受行业瞩目。\r\n\r\n技术创新是中义赖以生存、发展的基础，作为\"中国建筑防水行业科技创新企业\"，中义努力研制开发先进合理的配方，不断推出满足市场需求的新技术产品。目前，集团共拥有包括防水涂料、改性沥青类防水卷材、自粘类防水卷材、高分子类防水卷材等在内的12大类，100多种规格的防水材料，使\"速格尔\"产品始终成为同一领域上的先行者和倡导者，确保在行业的技术领先地位。是华南地区防水行业的龙头企业之一。企业已经实现了管理现代化、生产规模化、产品系列化、设备技术国际化。\r\n\r\n近十二年的积累和沉淀，中义不断发展壮大，凭借高新的技术、优质的产品、配套工程施工和及时到位的售后服务，奠定了企业在防水保温行业中的领先地位。中义拥有高素质的员工队伍，80%以上的管理人员受过高等教育，务实的企业文化，完善的质量管理体系，先进的设备，为企业的飞速发展打下了坚实的基础。\r\n\r\n中义成立十多年来，\"速格尔\"产品应用硕果累累，与保利地产、万科地产、恒大地产、时代地产、富力地产、合生创展、雅居乐等国内外知名大型房产商建立了广泛合作关系。同时积极参与国家重点工程、市政工程、重大项目建设，如白云国际机场、琶洲会展中心、广州地铁、广州新光快速干线、沈阳地铁、武汉地铁、福建莆田人防、猎德污水处理厂、沥滘污水处理厂等重大工程。\r\n\r\n公司秉承\"以人为本\"的信条，恪守\"品质出品牌\"的原则，竭诚为广大客户服务，为您提供更完善的服务，生产更优质的产品，为您塑造无渗漏的温馨世界！\r\n\r\n中义，将继续在防水领域高歌猛进•••••••••••\r\n', '2012-12-08 20:06:28', 0, '');
INSERT INTO `news` VALUES (2, 3, '菜鸟与顺丰刚撕完 就做了一件耐人寻味的事', '屋顶是房屋最上层起覆盖作用的围护和承重结构，其最主要的功能之一是“遮风雨”。屋面根据排水坡度不同，可分为平屋面和坡屋面。一般平屋面的坡度在10%以下，最常用的坡度为2~3%，坡屋面的坡度则在10%以上。我国建筑传统上采用坡屋面，有双面坡，四面坡等。这种屋面坡度较大，伸缩自如，排水迅速、防水效果也比较好。六十年代以来，为减轻屋面自重、降低工程造价、提高屋面预制装配程度，普遍改为钢筋混凝土平屋面，多采用预制圆孔屋面板和现浇钢筋混凝土屋面板等。平屋面造价较低、施工方便、构造简单，外观简洁，适用于各种形状和大小的建筑平面，当前这类屋面应用最为广泛。 平屋面主要有以下一些结构形式：\r\n\r\n1.多层住宅楼：一般为5~7层砖混结构，预制圆孔板或现浇平屋面，造价较低，量大面广。\r\n\r\n2.高层建筑：多为框架、框架一剪力墙、筒体等结构形式，现浇屋面板，屋面面积相对不大但变形较大，主要用作住宅、办公楼或商业旅游业设施。\r\n\r\n3.工业厂房：多为单层工业框、排架结构、大型屋面板。屋面因跨度较大和受外力影响而变形较大。\r\n\r\n4.大型公共建筑：跨度大，空间大，结构形式和受力复杂、变形大，如火车站、纪念馆等。 建筑屋面，特别对于我国北方广大地区，主要是解决保温与防水的问题，因此屋面的典型构造层次是：\r\nA.结构基层：多为预制圆孔板或现浇钢筋混凝上屋面板。\r\nB.隔汽层：为防止湿气进入保温层而设置，多为一层冷底子油或一层油毡。\r\nC.保温层：有现浇和预制装配两种，常用的保温材料有水泥珍珠岩，焦渣、加气混凝上块、聚苯乙烯泡沫塑料板等。\r\nD.水泥砂浆找平层\r\nE.防水层：可以是卷材、 涂膜等柔性防水层，也可以是细石混凝土加柔性嵌缝组成的刚性防水层。\r\nF.保护层：对于柔性屋面，为防止防水层过早老化，通常在防水层上增加一层保护层，多采用绿豆砂、水泥方砖，缸砖、浅色涂膜或现浇细石混凝土等。\r\n　\r\n\r\n　随着近年来我国建筑技术的发展，大跨度、轻型和高层建筑日益增多，使屋面结构的变形出现较大变化，而停车场，运动场、花园等屋面的出现，又使屋面功能大大增加，但是自八十年代以来，房屋渗漏问题成为我国工程建设中非常突出的问题。1991年，在建设部组织的对各地区100个城市1988—1990年峻工房屋调查中，发现屋面存在不同程度渗漏的占抽查总数的35％。我国每年仅用于屋面修缮的石油沥青卷材达2.4亿m2，石油沥青胶结材达27万吨，修缮费用超过12亿元。房屋渗漏直接影响到房屋的使用功能与用户安全，也给国家造成巨大经济损失。在房屋渗漏治理过程中， 由于措施不当，效果不好，以致出现年年漏、年年修，年年修、年年漏的现象。为解决好屋面渗漏水问题，我们对 屋面渗漏水产生的原因和治理维修方法等方面开展研究工作，以提高屋面渗漏水治理技术水平，改善居住和工作环境。\r\n　　\r\n\r\n我国的房屋建筑曾一度出现屋面渗漏率居高不下的情况，严重影响了房屋的使用功能。已建房屋屋面发生渗漏水问题，直接影响到人们的生活、工作和学习，通过对屋面渗漏水治理技术的研究，我们得出以下结论：', '2012-12-03 20:06:28', 0, 'admin');
INSERT INTO `news` VALUES (3, 3, '天才少年痴迷数学返乡搞研究 20年后成低保户', '屋顶是房屋最上层起覆盖作用的围护和承重结构，其最主要的功能之一是“遮风雨”。屋面根据排水坡度不同，可分为平屋面和坡屋面。一般平屋面的坡度在10%以下，最常用的坡度为2~3%，坡屋面的坡度则在10%以上。我国建筑传统上采用坡屋面，有双面坡，四面坡等。这种屋面坡度较大，伸缩自如，排水迅速、防水效果也比较好。六十年代以来，为减轻屋面自重、降低工程造价、提高屋面预制装配程度，普遍改为钢筋混凝土平屋面，多采用预制圆孔屋面板和现浇钢筋混凝土屋面板等。平屋面造价较低、施工方便、构造简单，外观简洁，适用于各种形状和大小的建筑平面，当前这类屋面应用最为广泛。 平屋面主要有以下一些结构形式：\r\n\r\n1.多层住宅楼：一般为5~7层砖混结构，预制圆孔板或现浇平屋面，造价较低，量大面广。\r\n\r\n2.高层建筑：多为框架、框架一剪力墙、筒体等结构形式，现浇屋面板，屋面面积相对不大但变形较大，主要用作住宅、办公楼或商业旅游业设施。\r\n\r\n3.工业厂房：多为单层工业框、排架结构、大型屋面板。屋面因跨度较大和受外力影响而变形较大。\r\n\r\n4.大型公共建筑：跨度大，空间大，结构形式和受力复杂、变形大，如火车站、纪念馆等。 建筑屋面，特别对于我国北方广大地区，主要是解决保温与防水的问题，因此屋面的典型构造层次是：\r\nA.结构基层：多为预制圆孔板或现浇钢筋混凝上屋面板。\r\nB.隔汽层：为防止湿气进入保温层而设置，多为一层冷底子油或一层油毡。\r\nC.保温层：有现浇和预制装配两种，常用的保温材料有水泥珍珠岩，焦渣、加气混凝上块、聚苯乙烯泡沫塑料板等。\r\nD.水泥砂浆找平层\r\nE.防水层：可以是卷材、 涂膜等柔性防水层，也可以是细石混凝土加柔性嵌缝组成的刚性防水层。\r\nF.保护层：对于柔性屋面，为防止防水层过早老化，通常在防水层上增加一层保护层，多采用绿豆砂、水泥方砖，缸砖、浅色涂膜或现浇细石混凝土等。\r\n　\r\n\r\n　随着近年来我国建筑技术的发展，大跨度、轻型和高层建筑日益增多，使屋面结构的变形出现较大变化，而停车场，运动场、花园等屋面的出现，又使屋面功能大大增加，但是自八十年代以来，房屋渗漏问题成为我国工程建设中非常突出的问题。1991年，在建设部组织的对各地区100个城市1988—1990年峻工房屋调查中，发现屋面存在不同程度渗漏的占抽查总数的35％。我国每年仅用于屋面修缮的石油沥青卷材达2.4亿m2，石油沥青胶结材达27万吨，修缮费用超过12亿元。房屋渗漏直接影响到房屋的使用功能与用户安全，也给国家造成巨大经济损失。在房屋渗漏治理过程中， 由于措施不当，效果不好，以致出现年年漏、年年修，年年修、年年漏的现象。为解决好屋面渗漏水问题，我们对 屋面渗漏水产生的原因和治理维修方法等方面开展研究工作，以提高屋面渗漏水治理技术水平，改善居住和工作环境。\r\n　　\r\n\r\n我国的房屋建筑曾一度出现屋面渗漏率居高不下的情况，严重影响了房屋的使用功能。已建房屋屋面发生渗漏水问题，直接影响到人们的生活、工作和学习，通过对屋面渗漏水治理技术的研究，我们得出以下结论：', '2012-12-08 20:14:43', 0, 'admin');
INSERT INTO `news` VALUES (4, 3, 'iPhone 8上市或将推迟1到2个月 OLED屏拖后腿', '屋顶是房屋最上层起覆盖作用的围护和承重结构，其最主要的功能之一是“遮风雨”。屋面根据排水坡度不同，可分为平屋面和坡屋面。一般平屋面的坡度在10%以下，最常用的坡度为2~3%，坡屋面的坡度则在10%以上。我国建筑传统上采用坡屋面，有双面坡，四面坡等。这种屋面坡度较大，伸缩自如，排水迅速、防水效果也比较好。六十年代以来，为减轻屋面自重、降低工程造价、提高屋面预制装配程度，普遍改为钢筋混凝土平屋面，多采用预制圆孔屋面板和现浇钢筋混凝土屋面板等。平屋面造价较低、施工方便、构造简单，外观简洁，适用于各种形状和大小的建筑平面，当前这类屋面应用最为广泛。 平屋面主要有以下一些结构形式：\r\n\r\n1.多层住宅楼：一般为5~7层砖混结构，预制圆孔板或现浇平屋面，造价较低，量大面广。\r\n\r\n2.高层建筑：多为框架、框架一剪力墙、筒体等结构形式，现浇屋面板，屋面面积相对不大但变形较大，主要用作住宅、办公楼或商业旅游业设施。\r\n\r\n3.工业厂房：多为单层工业框、排架结构、大型屋面板。屋面因跨度较大和受外力影响而变形较大。\r\n\r\n4.大型公共建筑：跨度大，空间大，结构形式和受力复杂、变形大，如火车站、纪念馆等。 建筑屋面，特别对于我国北方广大地区，主要是解决保温与防水的问题，因此屋面的典型构造层次是：\r\nA.结构基层：多为预制圆孔板或现浇钢筋混凝上屋面板。\r\nB.隔汽层：为防止湿气进入保温层而设置，多为一层冷底子油或一层油毡。\r\nC.保温层：有现浇和预制装配两种，常用的保温材料有水泥珍珠岩，焦渣、加气混凝上块、聚苯乙烯泡沫塑料板等。\r\nD.水泥砂浆找平层\r\nE.防水层：可以是卷材、 涂膜等柔性防水层，也可以是细石混凝土加柔性嵌缝组成的刚性防水层。\r\nF.保护层：对于柔性屋面，为防止防水层过早老化，通常在防水层上增加一层保护层，多采用绿豆砂、水泥方砖，缸砖、浅色涂膜或现浇细石混凝土等。\r\n　\r\n\r\n　随着近年来我国建筑技术的发展，大跨度、轻型和高层建筑日益增多，使屋面结构的变形出现较大变化，而停车场，运动场、花园等屋面的出现，又使屋面功能大大增加，但是自八十年代以来，房屋渗漏问题成为我国工程建设中非常突出的问题。1991年，在建设部组织的对各地区100个城市1988—1990年峻工房屋调查中，发现屋面存在不同程度渗漏的占抽查总数的35％。我国每年仅用于屋面修缮的石油沥青卷材达2.4亿m2，石油沥青胶结材达27万吨，修缮费用超过12亿元。房屋渗漏直接影响到房屋的使用功能与用户安全，也给国家造成巨大经济损失。在房屋渗漏治理过程中， 由于措施不当，效果不好，以致出现年年漏、年年修，年年修、年年漏的现象。为解决好屋面渗漏水问题，我们对 屋面渗漏水产生的原因和治理维修方法等方面开展研究工作，以提高屋面渗漏水治理技术水平，改善居住和工作环境。\r\n　　\r\n\r\n我国的房屋建筑曾一度出现屋面渗漏率居高不下的情况，严重影响了房屋的使用功能。已建房屋屋面发生渗漏水问题，直接影响到人们的生活、工作和学习，通过对屋面渗漏水治理技术的研究，我们得出以下结论：', '2012-12-08 20:15:49', 0, '');
INSERT INTO `news` VALUES (5, 3, '天文学家紧急提醒：这个小行星很可能撞地球！', '屋顶是房屋最上层起覆盖作用的围护和承重结构，其最主要的功能之一是“遮风雨”。屋面根据排水坡度不同，可分为平屋面和坡屋面。一般平屋面的坡度在10%以下，最常用的坡度为2~3%，坡屋面的坡度则在10%以上。我国建筑传统上采用坡屋面，有双面坡，四面坡等。这种屋面坡度较大，伸缩自如，排水迅速、防水效果也比较好。六十年代以来，为减轻屋面自重、降低工程造价、提高屋面预制装配程度，普遍改为钢筋混凝土平屋面，多采用预制圆孔屋面板和现浇钢筋混凝土屋面板等。平屋面造价较低、施工方便、构造简单，外观简洁，适用于各种形状和大小的建筑平面，当前这类屋面应用最为广泛。 平屋面主要有以下一些结构形式：\r\n\r\n1.多层住宅楼：一般为5~7层砖混结构，预制圆孔板或现浇平屋面，造价较低，量大面广。\r\n\r\n2.高层建筑：多为框架、框架一剪力墙、筒体等结构形式，现浇屋面板，屋面面积相对不大但变形较大，主要用作住宅、办公楼或商业旅游业设施。\r\n\r\n3.工业厂房：多为单层工业框、排架结构、大型屋面板。屋面因跨度较大和受外力影响而变形较大。\r\n\r\n4.大型公共建筑：跨度大，空间大，结构形式和受力复杂、变形大，如火车站、纪念馆等。 建筑屋面，特别对于我国北方广大地区，主要是解决保温与防水的问题，因此屋面的典型构造层次是：\r\nA.结构基层：多为预制圆孔板或现浇钢筋混凝上屋面板。\r\nB.隔汽层：为防止湿气进入保温层而设置，多为一层冷底子油或一层油毡。\r\nC.保温层：有现浇和预制装配两种，常用的保温材料有水泥珍珠岩，焦渣、加气混凝上块、聚苯乙烯泡沫塑料板等。\r\nD.水泥砂浆找平层\r\nE.防水层：可以是卷材、 涂膜等柔性防水层，也可以是细石混凝土加柔性嵌缝组成的刚性防水层。\r\nF.保护层：对于柔性屋面，为防止防水层过早老化，通常在防水层上增加一层保护层，多采用绿豆砂、水泥方砖，缸砖、浅色涂膜或现浇细石混凝土等。\r\n　\r\n\r\n　随着近年来我国建筑技术的发展，大跨度、轻型和高层建筑日益增多，使屋面结构的变形出现较大变化，而停车场，运动场、花园等屋面的出现，又使屋面功能大大增加，但是自八十年代以来，房屋渗漏问题成为我国工程建设中非常突出的问题。1991年，在建设部组织的对各地区100个城市1988—1990年峻工房屋调查中，发现屋面存在不同程度渗漏的占抽查总数的35％。我国每年仅用于屋面修缮的石油沥青卷材达2.4亿m2，石油沥青胶结材达27万吨，修缮费用超过12亿元。房屋渗漏直接影响到房屋的使用功能与用户安全，也给国家造成巨大经济损失。在房屋渗漏治理过程中， 由于措施不当，效果不好，以致出现年年漏、年年修，年年修、年年漏的现象。为解决好屋面渗漏水问题，我们对 屋面渗漏水产生的原因和治理维修方法等方面开展研究工作，以提高屋面渗漏水治理技术水平，改善居住和工作环境。\r\n　　\r\n\r\n我国的房屋建筑曾一度出现屋面渗漏率居高不下的情况，严重影响了房屋的使用功能。已建房屋屋面发生渗漏水问题，直接影响到人们的生活、工作和学习，通过对屋面渗漏水治理技术的研究，我们得出以下结论：', '2012-12-08 20:16:50', 0, '');
INSERT INTO `news` VALUES (6, 3, '外墙渗漏的原因分析及防治措施', '屋顶是房屋最上层起覆盖作用的围护和承重结构，其最主要的功能之一是“遮风雨”。屋面根据排水坡度不同，可分为平屋面和坡屋面。一般平屋面的坡度在10%以下，最常用的坡度为2~3%，坡屋面的坡度则在10%以上。我国建筑传统上采用坡屋面，有双面坡，四面坡等。这种屋面坡度较大，伸缩自如，排水迅速、防水效果也比较好。六十年代以来，为减轻屋面自重、降低工程造价、提高屋面预制装配程度，普遍改为钢筋混凝土平屋面，多采用预制圆孔屋面板和现浇钢筋混凝土屋面板等。平屋面造价较低、施工方便、构造简单，外观简洁，适用于各种形状和大小的建筑平面，当前这类屋面应用最为广泛。 平屋面主要有以下一些结构形式：\r\n\r\n1.多层住宅楼：一般为5~7层砖混结构，预制圆孔板或现浇平屋面，造价较低，量大面广。\r\n\r\n2.高层建筑：多为框架、框架一剪力墙、筒体等结构形式，现浇屋面板，屋面面积相对不大但变形较大，主要用作住宅、办公楼或商业旅游业设施。\r\n\r\n3.工业厂房：多为单层工业框、排架结构、大型屋面板。屋面因跨度较大和受外力影响而变形较大。\r\n\r\n4.大型公共建筑：跨度大，空间大，结构形式和受力复杂、变形大，如火车站、纪念馆等。 建筑屋面，特别对于我国北方广大地区，主要是解决保温与防水的问题，因此屋面的典型构造层次是：\r\nA.结构基层：多为预制圆孔板或现浇钢筋混凝上屋面板。\r\nB.隔汽层：为防止湿气进入保温层而设置，多为一层冷底子油或一层油毡。\r\nC.保温层：有现浇和预制装配两种，常用的保温材料有水泥珍珠岩，焦渣、加气混凝上块、聚苯乙烯泡沫塑料板等。\r\nD.水泥砂浆找平层\r\nE.防水层：可以是卷材、 涂膜等柔性防水层，也可以是细石混凝土加柔性嵌缝组成的刚性防水层。\r\nF.保护层：对于柔性屋面，为防止防水层过早老化，通常在防水层上增加一层保护层，多采用绿豆砂、水泥方砖，缸砖、浅色涂膜或现浇细石混凝土等。\r\n　\r\n\r\n　随着近年来我国建筑技术的发展，大跨度、轻型和高层建筑日益增多，使屋面结构的变形出现较大变化，而停车场，运动场、花园等屋面的出现，又使屋面功能大大增加，但是自八十年代以来，房屋渗漏问题成为我国工程建设中非常突出的问题。1991年，在建设部组织的对各地区100个城市1988—1990年峻工房屋调查中，发现屋面存在不同程度渗漏的占抽查总数的35％。我国每年仅用于屋面修缮的石油沥青卷材达2.4亿m2，石油沥青胶结材达27万吨，修缮费用超过12亿元。房屋渗漏直接影响到房屋的使用功能与用户安全，也给国家造成巨大经济损失。在房屋渗漏治理过程中， 由于措施不当，效果不好，以致出现年年漏、年年修，年年修、年年漏的现象。为解决好屋面渗漏水问题，我们对 屋面渗漏水产生的原因和治理维修方法等方面开展研究工作，以提高屋面渗漏水治理技术水平，改善居住和工作环境。\r\n　　\r\n\r\n我国的房屋建筑曾一度出现屋面渗漏率居高不下的情况，严重影响了房屋的使用功能。已建房屋屋面发生渗漏水问题，直接影响到人们的生活、工作和学习，通过对屋面渗漏水治理技术的研究，我们得出以下结论：', '2012-06-06 20:17:10', 0, '');
INSERT INTO `news` VALUES (7, 1, '中义工程案例', '屋顶是房屋最上层起覆盖作用的围护和承重结构，其最主要的功能之一是“遮风雨”。屋面根据排水坡度不同，可分为平屋面和坡屋面。一般平屋面的坡度在10%以下，最常用的坡度为2~3%，坡屋面的坡度则在10%以上。我国建筑传统上采用坡屋面，有双面坡，四面坡等。这种屋面坡度较大，伸缩自如，排水迅速、防水效果也比较好。六十年代以来，为减轻屋面自重、降低工程造价、提高屋面预制装配程度，普遍改为钢筋混凝土平屋面，多采用预制圆孔屋面板和现浇钢筋混凝土屋面板等。平屋面造价较低、施工方便、构造简单，外观简洁，适用于各种形状和大小的建筑平面，当前这类屋面应用最为广泛。 平屋面主要有以下一些结构形式：\r\n\r\n1.多层住宅楼：一般为5~7层砖混结构，预制圆孔板或现浇平屋面，造价较低，量大面广。\r\n\r\n2.高层建筑：多为框架、框架一剪力墙、筒体等结构形式，现浇屋面板，屋面面积相对不大但变形较大，主要用作住宅、办公楼或商业旅游业设施。\r\n\r\n3.工业厂房：多为单层工业框、排架结构、大型屋面板。屋面因跨度较大和受外力影响而变形较大。\r\n\r\n4.大型公共建筑：跨度大，空间大，结构形式和受力复杂、变形大，如火车站、纪念馆等。 建筑屋面，特别对于我国北方广大地区，主要是解决保温与防水的问题，因此屋面的典型构造层次是：\r\nA.结构基层：多为预制圆孔板或现浇钢筋混凝上屋面板。\r\nB.隔汽层：为防止湿气进入保温层而设置，多为一层冷底子油或一层油毡。\r\nC.保温层：有现浇和预制装配两种，常用的保温材料有水泥珍珠岩，焦渣、加气混凝上块、聚苯乙烯泡沫塑料板等。\r\nD.水泥砂浆找平层\r\nE.防水层：可以是卷材、 涂膜等柔性防水层，也可以是细石混凝土加柔性嵌缝组成的刚性防水层。\r\nF.保护层：对于柔性屋面，为防止防水层过早老化，通常在防水层上增加一层保护层，多采用绿豆砂、水泥方砖，缸砖、浅色涂膜或现浇细石混凝土等。\r\n　\r\n\r\n　随着近年来我国建筑技术的发展，大跨度、轻型和高层建筑日益增多，使屋面结构的变形出现较大变化，而停车场，运动场、花园等屋面的出现，又使屋面功能大大增加，但是自八十年代以来，房屋渗漏问题成为我国工程建设中非常突出的问题。1991年，在建设部组织的对各地区100个城市1988—1990年峻工房屋调查中，发现屋面存在不同程度渗漏的占抽查总数的35％。我国每年仅用于屋面修缮的石油沥青卷材达2.4亿m2，石油沥青胶结材达27万吨，修缮费用超过12亿元。房屋渗漏直接影响到房屋的使用功能与用户安全，也给国家造成巨大经济损失。在房屋渗漏治理过程中， 由于措施不当，效果不好，以致出现年年漏、年年修，年年修、年年漏的现象。为解决好屋面渗漏水问题，我们对 屋面渗漏水产生的原因和治理维修方法等方面开展研究工作，以提高屋面渗漏水治理技术水平，改善居住和工作环境。\r\n　　\r\n\r\n我国的房屋建筑曾一度出现屋面渗漏率居高不下的情况，严重影响了房屋的使用功能。已建房屋屋面发生渗漏水问题，直接影响到人们的生活、工作和学习，通过对屋面渗漏水治理技术的研究，我们得出以下结论：', '2012-12-08 20:35:56', 0, 'admin');
INSERT INTO `news` VALUES (8, 1, '环境标准加速防水涂料市场的整顿', '屋顶是房屋最上层起覆盖作用的围护和承重结构，其最主要的功能之一是“遮风雨”。屋面根据排水坡度不同，可分为平屋面和坡屋面。一般平屋面的坡度在10%以下，最常用的坡度为2~3%，坡屋面的坡度则在10%以上。我国建筑传统上采用坡屋面，有双面坡，四面坡等。这种屋面坡度较大，伸缩自如，排水迅速、防水效果也比较好。六十年代以来，为减轻屋面自重、降低工程造价、提高屋面预制装配程度，普遍改为钢筋混凝土平屋面，多采用预制圆孔屋面板和现浇钢筋混凝土屋面板等。平屋面造价较低、施工方便、构造简单，外观简洁，适用于各种形状和大小的建筑平面，当前这类屋面应用最为广泛。 平屋面主要有以下一些结构形式：\r\n\r\n1.多层住宅楼：一般为5~7层砖混结构，预制圆孔板或现浇平屋面，造价较低，量大面广。\r\n\r\n2.高层建筑：多为框架、框架一剪力墙、筒体等结构形式，现浇屋面板，屋面面积相对不大但变形较大，主要用作住宅、办公楼或商业旅游业设施。\r\n\r\n3.工业厂房：多为单层工业框、排架结构、大型屋面板。屋面因跨度较大和受外力影响而变形较大。\r\n\r\n4.大型公共建筑：跨度大，空间大，结构形式和受力复杂、变形大，如火车站、纪念馆等。 建筑屋面，特别对于我国北方广大地区，主要是解决保温与防水的问题，因此屋面的典型构造层次是：\r\nA.结构基层：多为预制圆孔板或现浇钢筋混凝上屋面板。\r\nB.隔汽层：为防止湿气进入保温层而设置，多为一层冷底子油或一层油毡。\r\nC.保温层：有现浇和预制装配两种，常用的保温材料有水泥珍珠岩，焦渣、加气混凝上块、聚苯乙烯泡沫塑料板等。\r\nD.水泥砂浆找平层\r\nE.防水层：可以是卷材、 涂膜等柔性防水层，也可以是细石混凝土加柔性嵌缝组成的刚性防水层。\r\nF.保护层：对于柔性屋面，为防止防水层过早老化，通常在防水层上增加一层保护层，多采用绿豆砂、水泥方砖，缸砖、浅色涂膜或现浇细石混凝土等。\r\n　\r\n\r\n　随着近年来我国建筑技术的发展，大跨度、轻型和高层建筑日益增多，使屋面结构的变形出现较大变化，而停车场，运动场、花园等屋面的出现，又使屋面功能大大增加，但是自八十年代以来，房屋渗漏问题成为我国工程建设中非常突出的问题。1991年，在建设部组织的对各地区100个城市1988—1990年峻工房屋调查中，发现屋面存在不同程度渗漏的占抽查总数的35％。我国每年仅用于屋面修缮的石油沥青卷材达2.4亿m2，石油沥青胶结材达27万吨，修缮费用超过12亿元。房屋渗漏直接影响到房屋的使用功能与用户安全，也给国家造成巨大经济损失。在房屋渗漏治理过程中， 由于措施不当，效果不好，以致出现年年漏、年年修，年年修、年年漏的现象。为解决好屋面渗漏水问题，我们对 屋面渗漏水产生的原因和治理维修方法等方面开展研究工作，以提高屋面渗漏水治理技术水平，改善居住和工作环境。\r\n　　\r\n\r\n我国的房屋建筑曾一度出现屋面渗漏率居高不下的情况，严重影响了房屋的使用功能。已建房屋屋面发生渗漏水问题，直接影响到人们的生活、工作和学习，通过对屋面渗漏水治理技术的研究，我们得出以下结论：', '2012-12-08 20:36:25', 0, 'admin001');
INSERT INTO `news` VALUES (9, 3, '防水行业信用评价工作全面启动', '屋顶是房屋最上层起覆盖作用的围护和承重结构，其最主要的功能之一是“遮风雨”。屋面根据排水坡度不同，可分为平屋面和坡屋面。一般平屋面的坡度在10%以下，最常用的坡度为2~3%，坡屋面的坡度则在10%以上。我国建筑传统上采用坡屋面，有双面坡，四面坡等。这种屋面坡度较大，伸缩自如，排水迅速、防水效果也比较好。六十年代以来，为减轻屋面自重、降低工程造价、提高屋面预制装配程度，普遍改为钢筋混凝土平屋面，多采用预制圆孔屋面板和现浇钢筋混凝土屋面板等。平屋面造价较低、施工方便、构造简单，外观简洁，适用于各种形状和大小的建筑平面，当前这类屋面应用最为广泛。 平屋面主要有以下一些结构形式：\r\n\r\n1.多层住宅楼：一般为5~7层砖混结构，预制圆孔板或现浇平屋面，造价较低，量大面广。\r\n\r\n2.高层建筑：多为框架、框架一剪力墙、筒体等结构形式，现浇屋面板，屋面面积相对不大但变形较大，主要用作住宅、办公楼或商业旅游业设施。\r\n\r\n3.工业厂房：多为单层工业框、排架结构、大型屋面板。屋面因跨度较大和受外力影响而变形较大。\r\n\r\n4.大型公共建筑：跨度大，空间大，结构形式和受力复杂、变形大，如火车站、纪念馆等。 建筑屋面，特别对于我国北方广大地区，主要是解决保温与防水的问题，因此屋面的典型构造层次是：\r\nA.结构基层：多为预制圆孔板或现浇钢筋混凝上屋面板。\r\nB.隔汽层：为防止湿气进入保温层而设置，多为一层冷底子油或一层油毡。\r\nC.保温层：有现浇和预制装配两种，常用的保温材料有水泥珍珠岩，焦渣、加气混凝上块、聚苯乙烯泡沫塑料板等。\r\nD.水泥砂浆找平层\r\nE.防水层：可以是卷材、 涂膜等柔性防水层，也可以是细石混凝土加柔性嵌缝组成的刚性防水层。\r\nF.保护层：对于柔性屋面，为防止防水层过早老化，通常在防水层上增加一层保护层，多采用绿豆砂、水泥方砖，缸砖、浅色涂膜或现浇细石混凝土等。\r\n　\r\n\r\n　随着近年来我国建筑技术的发展，大跨度、轻型和高层建筑日益增多，使屋面结构的变形出现较大变化，而停车场，运动场、花园等屋面的出现，又使屋面功能大大增加，但是自八十年代以来，房屋渗漏问题成为我国工程建设中非常突出的问题。1991年，在建设部组织的对各地区100个城市1988—1990年峻工房屋调查中，发现屋面存在不同程度渗漏的占抽查总数的35％。我国每年仅用于屋面修缮的石油沥青卷材达2.4亿m2，石油沥青胶结材达27万吨，修缮费用超过12亿元。房屋渗漏直接影响到房屋的使用功能与用户安全，也给国家造成巨大经济损失。在房屋渗漏治理过程中， 由于措施不当，效果不好，以致出现年年漏、年年修，年年修、年年漏的现象。为解决好屋面渗漏水问题，我们对 屋面渗漏水产生的原因和治理维修方法等方面开展研究工作，以提高屋面渗漏水治理技术水平，改善居住和工作环境。\r\n　　\r\n\r\n我国的房屋建筑曾一度出现屋面渗漏率居高不下的情况，严重影响了房屋的使用功能。已建房屋屋面发生渗漏水问题，直接影响到人们的生活、工作和学习，通过对屋面渗漏水治理技术的研究，我们得出以下结论：', '2012-12-08 20:35:56', 0, '');
INSERT INTO `news` VALUES (10, 1, '环境标准加速防水涂料市场的整顿', '屋顶是房屋最上层起覆盖作用的围护和承重结构，其最主要的功能之一是“遮风雨”。屋面根据排水坡度不同，可分为平屋面和坡屋面。一般平屋面的坡度在10%以下，最常用的坡度为2~3%，坡屋面的坡度则在10%以上。我国建筑传统上采用坡屋面，有双面坡，四面坡等。这种屋面坡度较大，伸缩自如，排水迅速、防水效果也比较好。六十年代以来，为减轻屋面自重、降低工程造价、提高屋面预制装配程度，普遍改为钢筋混凝土平屋面，多采用预制圆孔屋面板和现浇钢筋混凝土屋面板等。平屋面造价较低、施工方便、构造简单，外观简洁，适用于各种形状和大小的建筑平面，当前这类屋面应用最为广泛。 平屋面主要有以下一些结构形式：\r\n\r\n1.多层住宅楼：一般为5~7层砖混结构，预制圆孔板或现浇平屋面，造价较低，量大面广。\r\n\r\n2.高层建筑：多为框架、框架一剪力墙、筒体等结构形式，现浇屋面板，屋面面积相对不大但变形较大，主要用作住宅、办公楼或商业旅游业设施。\r\n\r\n3.工业厂房：多为单层工业框、排架结构、大型屋面板。屋面因跨度较大和受外力影响而变形较大。\r\n\r\n4.大型公共建筑：跨度大，空间大，结构形式和受力复杂、变形大，如火车站、纪念馆等。 建筑屋面，特别对于我国北方广大地区，主要是解决保温与防水的问题，因此屋面的典型构造层次是：\r\nA.结构基层：多为预制圆孔板或现浇钢筋混凝上屋面板。\r\nB.隔汽层：为防止湿气进入保温层而设置，多为一层冷底子油或一层油毡。\r\nC.保温层：有现浇和预制装配两种，常用的保温材料有水泥珍珠岩，焦渣、加气混凝上块、聚苯乙烯泡沫塑料板等。\r\nD.水泥砂浆找平层\r\nE.防水层：可以是卷材、 涂膜等柔性防水层，也可以是细石混凝土加柔性嵌缝组成的刚性防水层。\r\nF.保护层：对于柔性屋面，为防止防水层过早老化，通常在防水层上增加一层保护层，多采用绿豆砂、水泥方砖，缸砖、浅色涂膜或现浇细石混凝土等。\r\n　\r\n\r\n　随着近年来我国建筑技术的发展，大跨度、轻型和高层建筑日益增多，使屋面结构的变形出现较大变化，而停车场，运动场、花园等屋面的出现，又使屋面功能大大增加，但是自八十年代以来，房屋渗漏问题成为我国工程建设中非常突出的问题。1991年，在建设部组织的对各地区100个城市1988—1990年峻工房屋调查中，发现屋面存在不同程度渗漏的占抽查总数的35％。我国每年仅用于屋面修缮的石油沥青卷材达2.4亿m2，石油沥青胶结材达27万吨，修缮费用超过12亿元。房屋渗漏直接影响到房屋的使用功能与用户安全，也给国家造成巨大经济损失。在房屋渗漏治理过程中， 由于措施不当，效果不好，以致出现年年漏、年年修，年年修、年年漏的现象。为解决好屋面渗漏水问题，我们对 屋面渗漏水产生的原因和治理维修方法等方面开展研究工作，以提高屋面渗漏水治理技术水平，改善居住和工作环境。\r\n　　\r\n\r\n我国的房屋建筑曾一度出现屋面渗漏率居高不下的情况，严重影响了房屋的使用功能。已建房屋屋面发生渗漏水问题，直接影响到人们的生活、工作和学习，通过对屋面渗漏水治理技术的研究，我们得出以下结论：', '2012-12-08 20:36:25', 0, '');
INSERT INTO `news` VALUES (11, 3, '防水行业信用评价工作全面启动', '屋顶是房屋最上层起覆盖作用的围护和承重结构，其最主要的功能之一是“遮风雨”。屋面根据排水坡度不同，可分为平屋面和坡屋面。一般平屋面的坡度在10%以下，最常用的坡度为2~3%，坡屋面的坡度则在10%以上。我国建筑传统上采用坡屋面，有双面坡，四面坡等。这种屋面坡度较大，伸缩自如，排水迅速、防水效果也比较好。六十年代以来，为减轻屋面自重、降低工程造价、提高屋面预制装配程度，普遍改为钢筋混凝土平屋面，多采用预制圆孔屋面板和现浇钢筋混凝土屋面板等。平屋面造价较低、施工方便、构造简单，外观简洁，适用于各种形状和大小的建筑平面，当前这类屋面应用最为广泛。 平屋面主要有以下一些结构形式：\r\n\r\n1.多层住宅楼：一般为5~7层砖混结构，预制圆孔板或现浇平屋面，造价较低，量大面广。\r\n\r\n2.高层建筑：多为框架、框架一剪力墙、筒体等结构形式，现浇屋面板，屋面面积相对不大但变形较大，主要用作住宅、办公楼或商业旅游业设施。\r\n\r\n3.工业厂房：多为单层工业框、排架结构、大型屋面板。屋面因跨度较大和受外力影响而变形较大。\r\n\r\n4.大型公共建筑：跨度大，空间大，结构形式和受力复杂、变形大，如火车站、纪念馆等。 建筑屋面，特别对于我国北方广大地区，主要是解决保温与防水的问题，因此屋面的典型构造层次是：\r\nA.结构基层：多为预制圆孔板或现浇钢筋混凝上屋面板。\r\nB.隔汽层：为防止湿气进入保温层而设置，多为一层冷底子油或一层油毡。\r\nC.保温层：有现浇和预制装配两种，常用的保温材料有水泥珍珠岩，焦渣、加气混凝上块、聚苯乙烯泡沫塑料板等。\r\nD.水泥砂浆找平层\r\nE.防水层：可以是卷材、 涂膜等柔性防水层，也可以是细石混凝土加柔性嵌缝组成的刚性防水层。\r\nF.保护层：对于柔性屋面，为防止防水层过早老化，通常在防水层上增加一层保护层，多采用绿豆砂、水泥方砖，缸砖、浅色涂膜或现浇细石混凝土等。\r\n　\r\n\r\n　随着近年来我国建筑技术的发展，大跨度、轻型和高层建筑日益增多，使屋面结构的变形出现较大变化，而停车场，运动场、花园等屋面的出现，又使屋面功能大大增加，但是自八十年代以来，房屋渗漏问题成为我国工程建设中非常突出的问题。1991年，在建设部组织的对各地区100个城市1988—1990年峻工房屋调查中，发现屋面存在不同程度渗漏的占抽查总数的35％。我国每年仅用于屋面修缮的石油沥青卷材达2.4亿m2，石油沥青胶结材达27万吨，修缮费用超过12亿元。房屋渗漏直接影响到房屋的使用功能与用户安全，也给国家造成巨大经济损失。在房屋渗漏治理过程中， 由于措施不当，效果不好，以致出现年年漏、年年修，年年修、年年漏的现象。为解决好屋面渗漏水问题，我们对 屋面渗漏水产生的原因和治理维修方法等方面开展研究工作，以提高屋面渗漏水治理技术水平，改善居住和工作环境。\r\n　　\r\n\r\n我国的房屋建筑曾一度出现屋面渗漏率居高不下的情况，严重影响了房屋的使用功能。已建房屋屋面发生渗漏水问题，直接影响到人们的生活、工作和学习，通过对屋面渗漏水治理技术的研究，我们得出以下结论：', '2012-12-08 20:35:56', 0, 'admin001');
INSERT INTO `news` VALUES (12, 1, '海峡两岸防水材料技术交流大会召开', '屋顶是房屋最上层起覆盖作用的围护和承重结构，其最主要的功能之一是“遮风雨”。屋面根据排水坡度不同，可分为平屋面和坡屋面。一般平屋面的坡度在10%以下，最常用的坡度为2~3%，坡屋面的坡度则在10%以上。我国建筑传统上采用坡屋面，有双面坡，四面坡等。这种屋面坡度较大，伸缩自如，排水迅速、防水效果也比较好。六十年代以来，为减轻屋面自重、降低工程造价、提高屋面预制装配程度，普遍改为钢筋混凝土平屋面，多采用预制圆孔屋面板和现浇钢筋混凝土屋面板等。平屋面造价较低、施工方便、构造简单，外观简洁，适用于各种形状和大小的建筑平面，当前这类屋面应用最为广泛。 平屋面主要有以下一些结构形式：\r\n\r\n1.多层住宅楼：一般为5~7层砖混结构，预制圆孔板或现浇平屋面，造价较低，量大面广。\r\n\r\n2.高层建筑：多为框架、框架一剪力墙、筒体等结构形式，现浇屋面板，屋面面积相对不大但变形较大，主要用作住宅、办公楼或商业旅游业设施。\r\n\r\n3.工业厂房：多为单层工业框、排架结构、大型屋面板。屋面因跨度较大和受外力影响而变形较大。\r\n\r\n4.大型公共建筑：跨度大，空间大，结构形式和受力复杂、变形大，如火车站、纪念馆等。 建筑屋面，特别对于我国北方广大地区，主要是解决保温与防水的问题，因此屋面的典型构造层次是：\r\nA.结构基层：多为预制圆孔板或现浇钢筋混凝上屋面板。\r\nB.隔汽层：为防止湿气进入保温层而设置，多为一层冷底子油或一层油毡。\r\nC.保温层：有现浇和预制装配两种，常用的保温材料有水泥珍珠岩，焦渣、加气混凝上块、聚苯乙烯泡沫塑料板等。\r\nD.水泥砂浆找平层\r\nE.防水层：可以是卷材、 涂膜等柔性防水层，也可以是细石混凝土加柔性嵌缝组成的刚性防水层。\r\nF.保护层：对于柔性屋面，为防止防水层过早老化，通常在防水层上增加一层保护层，多采用绿豆砂、水泥方砖，缸砖、浅色涂膜或现浇细石混凝土等。\r\n　\r\n\r\n　随着近年来我国建筑技术的发展，大跨度、轻型和高层建筑日益增多，使屋面结构的变形出现较大变化，而停车场，运动场、花园等屋面的出现，又使屋面功能大大增加，但是自八十年代以来，房屋渗漏问题成为我国工程建设中非常突出的问题。1991年，在建设部组织的对各地区100个城市1988—1990年峻工房屋调查中，发现屋面存在不同程度渗漏的占抽查总数的35％。我国每年仅用于屋面修缮的石油沥青卷材达2.4亿m2，石油沥青胶结材达27万吨，修缮费用超过12亿元。房屋渗漏直接影响到房屋的使用功能与用户安全，也给国家造成巨大经济损失。在房屋渗漏治理过程中， 由于措施不当，效果不好，以致出现年年漏、年年修，年年修、年年漏的现象。为解决好屋面渗漏水问题，我们对 屋面渗漏水产生的原因和治理维修方法等方面开展研究工作，以提高屋面渗漏水治理技术水平，改善居住和工作环境。\r\n　　\r\n\r\n我国的房屋建筑曾一度出现屋面渗漏率居高不下的情况，严重影响了房屋的使用功能。已建房屋屋面发生渗漏水问题，直接影响到人们的生活、工作和学习，通过对屋面渗漏水治理技术的研究，我们得出以下结论：', '2012-04-10 20:36:25', 0, '');
INSERT INTO `news` VALUES (13, 3, '防水行业信用评价工作全面启动', '屋顶是房屋最上层起覆盖作用的围护和承重结构，其最主要的功能之一是“遮风雨”。屋面根据排水坡度不同，可分为平屋面和坡屋面。一般平屋面的坡度在10%以下，最常用的坡度为2~3%，坡屋面的坡度则在10%以上。我国建筑传统上采用坡屋面，有双面坡，四面坡等。这种屋面坡度较大，伸缩自如，排水迅速、防水效果也比较好。六十年代以来，为减轻屋面自重、降低工程造价、提高屋面预制装配程度，普遍改为钢筋混凝土平屋面，多采用预制圆孔屋面板和现浇钢筋混凝土屋面板等。平屋面造价较低、施工方便、构造简单，外观简洁，适用于各种形状和大小的建筑平面，当前这类屋面应用最为广泛。 平屋面主要有以下一些结构形式：\r\n\r\n1.多层住宅楼：一般为5~7层砖混结构，预制圆孔板或现浇平屋面，造价较低，量大面广。\r\n\r\n2.高层建筑：多为框架、框架一剪力墙、筒体等结构形式，现浇屋面板，屋面面积相对不大但变形较大，主要用作住宅、办公楼或商业旅游业设施。\r\n\r\n3.工业厂房：多为单层工业框、排架结构、大型屋面板。屋面因跨度较大和受外力影响而变形较大。\r\n\r\n4.大型公共建筑：跨度大，空间大，结构形式和受力复杂、变形大，如火车站、纪念馆等。 建筑屋面，特别对于我国北方广大地区，主要是解决保温与防水的问题，因此屋面的典型构造层次是：\r\nA.结构基层：多为预制圆孔板或现浇钢筋混凝上屋面板。\r\nB.隔汽层：为防止湿气进入保温层而设置，多为一层冷底子油或一层油毡。\r\nC.保温层：有现浇和预制装配两种，常用的保温材料有水泥珍珠岩，焦渣、加气混凝上块、聚苯乙烯泡沫塑料板等。\r\nD.水泥砂浆找平层\r\nE.防水层：可以是卷材、 涂膜等柔性防水层，也可以是细石混凝土加柔性嵌缝组成的刚性防水层。\r\nF.保护层：对于柔性屋面，为防止防水层过早老化，通常在防水层上增加一层保护层，多采用绿豆砂、水泥方砖，缸砖、浅色涂膜或现浇细石混凝土等。\r\n　\r\n\r\n　随着近年来我国建筑技术的发展，大跨度、轻型和高层建筑日益增多，使屋面结构的变形出现较大变化，而停车场，运动场、花园等屋面的出现，又使屋面功能大大增加，但是自八十年代以来，房屋渗漏问题成为我国工程建设中非常突出的问题。1991年，在建设部组织的对各地区100个城市1988—1990年峻工房屋调查中，发现屋面存在不同程度渗漏的占抽查总数的35％。我国每年仅用于屋面修缮的石油沥青卷材达2.4亿m2，石油沥青胶结材达27万吨，修缮费用超过12亿元。房屋渗漏直接影响到房屋的使用功能与用户安全，也给国家造成巨大经济损失。在房屋渗漏治理过程中， 由于措施不当，效果不好，以致出现年年漏、年年修，年年修、年年漏的现象。为解决好屋面渗漏水问题，我们对 屋面渗漏水产生的原因和治理维修方法等方面开展研究工作，以提高屋面渗漏水治理技术水平，改善居住和工作环境。\r\n　　\r\n\r\n我国的房屋建筑曾一度出现屋面渗漏率居高不下的情况，严重影响了房屋的使用功能。已建房屋屋面发生渗漏水问题，直接影响到人们的生活、工作和学习，通过对屋面渗漏水治理技术的研究，我们得出以下结论：', '2012-08-15 20:35:56', 0, '');
INSERT INTO `news` VALUES (14, 1, '屋面防水等级拟由四级改为二级', '屋顶是房屋最上层起覆盖作用的围护和承重结构，其最主要的功能之一是“遮风雨”。屋面根据排水坡度不同，可分为平屋面和坡屋面。一般平屋面的坡度在10%以下，最常用的坡度为2~3%，坡屋面的坡度则在10%以上。我国建筑传统上采用坡屋面，有双面坡，四面坡等。这种屋面坡度较大，伸缩自如，排水迅速、防水效果也比较好。六十年代以来，为减轻屋面自重、降低工程造价、提高屋面预制装配程度，普遍改为钢筋混凝土平屋面，多采用预制圆孔屋面板和现浇钢筋混凝土屋面板等。平屋面造价较低、施工方便、构造简单，外观简洁，适用于各种形状和大小的建筑平面，当前这类屋面应用最为广泛。 平屋面主要有以下一些结构形式：\r\n\r\n1.多层住宅楼：一般为5~7层砖混结构，预制圆孔板或现浇平屋面，造价较低，量大面广。\r\n\r\n2.高层建筑：多为框架、框架一剪力墙、筒体等结构形式，现浇屋面板，屋面面积相对不大但变形较大，主要用作住宅、办公楼或商业旅游业设施。\r\n\r\n3.工业厂房：多为单层工业框、排架结构、大型屋面板。屋面因跨度较大和受外力影响而变形较大。\r\n\r\n4.大型公共建筑：跨度大，空间大，结构形式和受力复杂、变形大，如火车站、纪念馆等。 建筑屋面，特别对于我国北方广大地区，主要是解决保温与防水的问题，因此屋面的典型构造层次是：\r\nA.结构基层：多为预制圆孔板或现浇钢筋混凝上屋面板。\r\nB.隔汽层：为防止湿气进入保温层而设置，多为一层冷底子油或一层油毡。\r\nC.保温层：有现浇和预制装配两种，常用的保温材料有水泥珍珠岩，焦渣、加气混凝上块、聚苯乙烯泡沫塑料板等。\r\nD.水泥砂浆找平层\r\nE.防水层：可以是卷材、 涂膜等柔性防水层，也可以是细石混凝土加柔性嵌缝组成的刚性防水层。\r\nF.保护层：对于柔性屋面，为防止防水层过早老化，通常在防水层上增加一层保护层，多采用绿豆砂、水泥方砖，缸砖、浅色涂膜或现浇细石混凝土等。\r\n　\r\n\r\n　随着近年来我国建筑技术的发展，大跨度、轻型和高层建筑日益增多，使屋面结构的变形出现较大变化，而停车场，运动场、花园等屋面的出现，又使屋面功能大大增加，但是自八十年代以来，房屋渗漏问题成为我国工程建设中非常突出的问题。1991年，在建设部组织的对各地区100个城市1988—1990年峻工房屋调查中，发现屋面存在不同程度渗漏的占抽查总数的35％。我国每年仅用于屋面修缮的石油沥青卷材达2.4亿m2，石油沥青胶结材达27万吨，修缮费用超过12亿元。房屋渗漏直接影响到房屋的使用功能与用户安全，也给国家造成巨大经济损失。在房屋渗漏治理过程中， 由于措施不当，效果不好，以致出现年年漏、年年修，年年修、年年漏的现象。为解决好屋面渗漏水问题，我们对 屋面渗漏水产生的原因和治理维修方法等方面开展研究工作，以提高屋面渗漏水治理技术水平，改善居住和工作环境。\r\n　　\r\n\r\n我国的房屋建筑曾一度出现屋面渗漏率居高不下的情况，严重影响了房屋的使用功能。已建房屋屋面发生渗漏水问题，直接影响到人们的生活、工作和学习，通过对屋面渗漏水治理技术的研究，我们得出以下结论：', '2012-10-23 20:36:25', 0, '');
INSERT INTO `news` VALUES (15, 3, '防水行业信用评价工作全面启动', '屋顶是房屋最上层起覆盖作用的围护和承重结构，其最主要的功能之一是“遮风雨”。屋面根据排水坡度不同，可分为平屋面和坡屋面。一般平屋面的坡度在10%以下，最常用的坡度为2~3%，坡屋面的坡度则在10%以上。我国建筑传统上采用坡屋面，有双面坡，四面坡等。这种屋面坡度较大，伸缩自如，排水迅速、防水效果也比较好。六十年代以来，为减轻屋面自重、降低工程造价、提高屋面预制装配程度，普遍改为钢筋混凝土平屋面，多采用预制圆孔屋面板和现浇钢筋混凝土屋面板等。平屋面造价较低、施工方便、构造简单，外观简洁，适用于各种形状和大小的建筑平面，当前这类屋面应用最为广泛。 平屋面主要有以下一些结构形式：\r\n\r\n1.多层住宅楼：一般为5~7层砖混结构，预制圆孔板或现浇平屋面，造价较低，量大面广。\r\n\r\n2.高层建筑：多为框架、框架一剪力墙、筒体等结构形式，现浇屋面板，屋面面积相对不大但变形较大，主要用作住宅、办公楼或商业旅游业设施。\r\n\r\n3.工业厂房：多为单层工业框、排架结构、大型屋面板。屋面因跨度较大和受外力影响而变形较大。\r\n\r\n4.大型公共建筑：跨度大，空间大，结构形式和受力复杂、变形大，如火车站、纪念馆等。 建筑屋面，特别对于我国北方广大地区，主要是解决保温与防水的问题，因此屋面的典型构造层次是：\r\nA.结构基层：多为预制圆孔板或现浇钢筋混凝上屋面板。\r\nB.隔汽层：为防止湿气进入保温层而设置，多为一层冷底子油或一层油毡。\r\nC.保温层：有现浇和预制装配两种，常用的保温材料有水泥珍珠岩，焦渣、加气混凝上块、聚苯乙烯泡沫塑料板等。\r\nD.水泥砂浆找平层\r\nE.防水层：可以是卷材、 涂膜等柔性防水层，也可以是细石混凝土加柔性嵌缝组成的刚性防水层。\r\nF.保护层：对于柔性屋面，为防止防水层过早老化，通常在防水层上增加一层保护层，多采用绿豆砂、水泥方砖，缸砖、浅色涂膜或现浇细石混凝土等。\r\n　\r\n\r\n　随着近年来我国建筑技术的发展，大跨度、轻型和高层建筑日益增多，使屋面结构的变形出现较大变化，而停车场，运动场、花园等屋面的出现，又使屋面功能大大增加，但是自八十年代以来，房屋渗漏问题成为我国工程建设中非常突出的问题。1991年，在建设部组织的对各地区100个城市1988—1990年峻工房屋调查中，发现屋面存在不同程度渗漏的占抽查总数的35％。我国每年仅用于屋面修缮的石油沥青卷材达2.4亿m2，石油沥青胶结材达27万吨，修缮费用超过12亿元。房屋渗漏直接影响到房屋的使用功能与用户安全，也给国家造成巨大经济损失。在房屋渗漏治理过程中， 由于措施不当，效果不好，以致出现年年漏、年年修，年年修、年年漏的现象。为解决好屋面渗漏水问题，我们对 屋面渗漏水产生的原因和治理维修方法等方面开展研究工作，以提高屋面渗漏水治理技术水平，改善居住和工作环境。\r\n　　\r\n\r\n我国的房屋建筑曾一度出现屋面渗漏率居高不下的情况，严重影响了房屋的使用功能。已建房屋屋面发生渗漏水问题，直接影响到人们的生活、工作和学习，通过对屋面渗漏水治理技术的研究，我们得出以下结论：', '2012-03-08 20:35:56', 0, '');
INSERT INTO `news` VALUES (16, 8, '环境标准加速防水涂料市场的整顿', '屋顶是房屋最上层起覆盖作用的围护和承重结构，其最主要的功能之一是“遮风雨”。屋面根据排水坡度不同，可分为平屋面和坡屋面。一般平屋面的坡度在10%以下，最常用的坡度为2~3%，坡屋面的坡度则在10%以上。我国建筑传统上采用坡屋面，有双面坡，四面坡等。这种屋面坡度较大，伸缩自如，排水迅速、防水效果也比较好。六十年代以来，为减轻屋面自重、降低工程造价、提高屋面预制装配程度，普遍改为钢筋混凝土平屋面，多采用预制圆孔屋面板和现浇钢筋混凝土屋面板等。平屋面造价较低、施工方便、构造简单，外观简洁，适用于各种形状和大小的建筑平面，当前这类屋面应用最为广泛。 平屋面主要有以下一些结构形式：\r\n\r\n1.多层住宅楼：一般为5~7层砖混结构，预制圆孔板或现浇平屋面，造价较低，量大面广。\r\n\r\n2.高层建筑：多为框架、框架一剪力墙、筒体等结构形式，现浇屋面板，屋面面积相对不大但变形较大，主要用作住宅、办公楼或商业旅游业设施。\r\n\r\n3.工业厂房：多为单层工业框、排架结构、大型屋面板。屋面因跨度较大和受外力影响而变形较大。\r\n\r\n4.大型公共建筑：跨度大，空间大，结构形式和受力复杂、变形大，如火车站、纪念馆等。 建筑屋面，特别对于我国北方广大地区，主要是解决保温与防水的问题，因此屋面的典型构造层次是：\r\nA.结构基层：多为预制圆孔板或现浇钢筋混凝上屋面板。\r\nB.隔汽层：为防止湿气进入保温层而设置，多为一层冷底子油或一层油毡。\r\nC.保温层：有现浇和预制装配两种，常用的保温材料有水泥珍珠岩，焦渣、加气混凝上块、聚苯乙烯泡沫塑料板等。\r\nD.水泥砂浆找平层\r\nE.防水层：可以是卷材、 涂膜等柔性防水层，也可以是细石混凝土加柔性嵌缝组成的刚性防水层。\r\nF.保护层：对于柔性屋面，为防止防水层过早老化，通常在防水层上增加一层保护层，多采用绿豆砂、水泥方砖，缸砖、浅色涂膜或现浇细石混凝土等。\r\n　\r\n\r\n　随着近年来我国建筑技术的发展，大跨度、轻型和高层建筑日益增多，使屋面结构的变形出现较大变化，而停车场，运动场、花园等屋面的出现，又使屋面功能大大增加，但是自八十年代以来，房屋渗漏问题成为我国工程建设中非常突出的问题。1991年，在建设部组织的对各地区100个城市1988—1990年峻工房屋调查中，发现屋面存在不同程度渗漏的占抽查总数的35％。我国每年仅用于屋面修缮的石油沥青卷材达2.4亿m2，石油沥青胶结材达27万吨，修缮费用超过12亿元。房屋渗漏直接影响到房屋的使用功能与用户安全，也给国家造成巨大经济损失。在房屋渗漏治理过程中， 由于措施不当，效果不好，以致出现年年漏、年年修，年年修、年年漏的现象。为解决好屋面渗漏水问题，我们对 屋面渗漏水产生的原因和治理维修方法等方面开展研究工作，以提高屋面渗漏水治理技术水平，改善居住和工作环境。\r\n　　\r\n\r\n我国的房屋建筑曾一度出现屋面渗漏率居高不下的情况，严重影响了房屋的使用功能。已建房屋屋面发生渗漏水问题，直接影响到人们的生活、工作和学习，通过对屋面渗漏水治理技术的研究，我们得出以下结论：', '2012-12-08 20:36:25', 0, '');
INSERT INTO `news` VALUES (17, 8, '防水行业信用评价工作全面启动', '屋顶是房屋最上层起覆盖作用的围护和承重结构，其最主要的功能之一是“遮风雨”。屋面根据排水坡度不同，可分为平屋面和坡屋面。一般平屋面的坡度在10%以下，最常用的坡度为2~3%，坡屋面的坡度则在10%以上。我国建筑传统上采用坡屋面，有双面坡，四面坡等。这种屋面坡度较大，伸缩自如，排水迅速、防水效果也比较好。六十年代以来，为减轻屋面自重、降低工程造价、提高屋面预制装配程度，普遍改为钢筋混凝土平屋面，多采用预制圆孔屋面板和现浇钢筋混凝土屋面板等。平屋面造价较低、施工方便、构造简单，外观简洁，适用于各种形状和大小的建筑平面，当前这类屋面应用最为广泛。 平屋面主要有以下一些结构形式：\r\n\r\n1.多层住宅楼：一般为5~7层砖混结构，预制圆孔板或现浇平屋面，造价较低，量大面广。\r\n\r\n2.高层建筑：多为框架、框架一剪力墙、筒体等结构形式，现浇屋面板，屋面面积相对不大但变形较大，主要用作住宅、办公楼或商业旅游业设施。\r\n\r\n3.工业厂房：多为单层工业框、排架结构、大型屋面板。屋面因跨度较大和受外力影响而变形较大。\r\n\r\n4.大型公共建筑：跨度大，空间大，结构形式和受力复杂、变形大，如火车站、纪念馆等。 建筑屋面，特别对于我国北方广大地区，主要是解决保温与防水的问题，因此屋面的典型构造层次是：\r\nA.结构基层：多为预制圆孔板或现浇钢筋混凝上屋面板。\r\nB.隔汽层：为防止湿气进入保温层而设置，多为一层冷底子油或一层油毡。\r\nC.保温层：有现浇和预制装配两种，常用的保温材料有水泥珍珠岩，焦渣、加气混凝上块、聚苯乙烯泡沫塑料板等。\r\nD.水泥砂浆找平层\r\nE.防水层：可以是卷材、 涂膜等柔性防水层，也可以是细石混凝土加柔性嵌缝组成的刚性防水层。\r\nF.保护层：对于柔性屋面，为防止防水层过早老化，通常在防水层上增加一层保护层，多采用绿豆砂、水泥方砖，缸砖、浅色涂膜或现浇细石混凝土等。\r\n　\r\n\r\n　随着近年来我国建筑技术的发展，大跨度、轻型和高层建筑日益增多，使屋面结构的变形出现较大变化，而停车场，运动场、花园等屋面的出现，又使屋面功能大大增加，但是自八十年代以来，房屋渗漏问题成为我国工程建设中非常突出的问题。1991年，在建设部组织的对各地区100个城市1988—1990年峻工房屋调查中，发现屋面存在不同程度渗漏的占抽查总数的35％。我国每年仅用于屋面修缮的石油沥青卷材达2.4亿m2，石油沥青胶结材达27万吨，修缮费用超过12亿元。房屋渗漏直接影响到房屋的使用功能与用户安全，也给国家造成巨大经济损失。在房屋渗漏治理过程中， 由于措施不当，效果不好，以致出现年年漏、年年修，年年修、年年漏的现象。为解决好屋面渗漏水问题，我们对 屋面渗漏水产生的原因和治理维修方法等方面开展研究工作，以提高屋面渗漏水治理技术水平，改善居住和工作环境。\r\n　　\r\n\r\n我国的房屋建筑曾一度出现屋面渗漏率居高不下的情况，严重影响了房屋的使用功能。已建房屋屋面发生渗漏水问题，直接影响到人们的生活、工作和学习，通过对屋面渗漏水治理技术的研究，我们得出以下结论：', '2012-12-08 20:35:56', 0, 'admin001');
INSERT INTO `news` VALUES (18, 3, '环境标准加速防水涂料市场的整顿', '屋顶是房屋最上层起覆盖作用的围护和承重结构，其最主要的功能之一是“遮风雨”。屋面根据排水坡度不同，可分为平屋面和坡屋面。一般平屋面的坡度在10%以下，最常用的坡度为2~3%，坡屋面的坡度则在10%以上。我国建筑传统上采用坡屋面，有双面坡，四面坡等。这种屋面坡度较大，伸缩自如，排水迅速、防水效果也比较好。六十年代以来，为减轻屋面自重、降低工程造价、提高屋面预制装配程度，普遍改为钢筋混凝土平屋面，多采用预制圆孔屋面板和现浇钢筋混凝土屋面板等。平屋面造价较低、施工方便、构造简单，外观简洁，适用于各种形状和大小的建筑平面，当前这类屋面应用最为广泛。 平屋面主要有以下一些结构形式：\r\n\r\n1.多层住宅楼：一般为5~7层砖混结构，预制圆孔板或现浇平屋面，造价较低，量大面广。\r\n\r\n2.高层建筑：多为框架、框架一剪力墙、筒体等结构形式，现浇屋面板，屋面面积相对不大但变形较大，主要用作住宅、办公楼或商业旅游业设施。\r\n\r\n3.工业厂房：多为单层工业框、排架结构、大型屋面板。屋面因跨度较大和受外力影响而变形较大。\r\n\r\n4.大型公共建筑：跨度大，空间大，结构形式和受力复杂、变形大，如火车站、纪念馆等。 建筑屋面，特别对于我国北方广大地区，主要是解决保温与防水的问题，因此屋面的典型构造层次是：\r\nA.结构基层：多为预制圆孔板或现浇钢筋混凝上屋面板。\r\nB.隔汽层：为防止湿气进入保温层而设置，多为一层冷底子油或一层油毡。\r\nC.保温层：有现浇和预制装配两种，常用的保温材料有水泥珍珠岩，焦渣、加气混凝上块、聚苯乙烯泡沫塑料板等。\r\nD.水泥砂浆找平层\r\nE.防水层：可以是卷材、 涂膜等柔性防水层，也可以是细石混凝土加柔性嵌缝组成的刚性防水层。\r\nF.保护层：对于柔性屋面，为防止防水层过早老化，通常在防水层上增加一层保护层，多采用绿豆砂、水泥方砖，缸砖、浅色涂膜或现浇细石混凝土等。\r\n　\r\n\r\n　随着近年来我国建筑技术的发展，大跨度、轻型和高层建筑日益增多，使屋面结构的变形出现较大变化，而停车场，运动场、花园等屋面的出现，又使屋面功能大大增加，但是自八十年代以来，房屋渗漏问题成为我国工程建设中非常突出的问题。1991年，在建设部组织的对各地区100个城市1988—1990年峻工房屋调查中，发现屋面存在不同程度渗漏的占抽查总数的35％。我国每年仅用于屋面修缮的石油沥青卷材达2.4亿m2，石油沥青胶结材达27万吨，修缮费用超过12亿元。房屋渗漏直接影响到房屋的使用功能与用户安全，也给国家造成巨大经济损失。在房屋渗漏治理过程中， 由于措施不当，效果不好，以致出现年年漏、年年修，年年修、年年漏的现象。为解决好屋面渗漏水问题，我们对 屋面渗漏水产生的原因和治理维修方法等方面开展研究工作，以提高屋面渗漏水治理技术水平，改善居住和工作环境。\r\n　　\r\n\r\n我国的房屋建筑曾一度出现屋面渗漏率居高不下的情况，严重影响了房屋的使用功能。已建房屋屋面发生渗漏水问题，直接影响到人们的生活、工作和学习，通过对屋面渗漏水治理技术的研究，我们得出以下结论：', '2012-12-20 20:36:25', 0, '');
INSERT INTO `news` VALUES (19, 2, '防水行业信用评价工作全面启动', '屋顶是房屋最上层起覆盖作用的围护和承重结构，其最主要的功能之一是“遮风雨”。屋面根据排水坡度不同，可分为平屋面和坡屋面。一般平屋面的坡度在10%以下，最常用的坡度为2~3%，坡屋面的坡度则在10%以上。我国建筑传统上采用坡屋面，有双面坡，四面坡等。这种屋面坡度较大，伸缩自如，排水迅速、防水效果也比较好。六十年代以来，为减轻屋面自重、降低工程造价、提高屋面预制装配程度，普遍改为钢筋混凝土平屋面，多采用预制圆孔屋面板和现浇钢筋混凝土屋面板等。平屋面造价较低、施工方便、构造简单，外观简洁，适用于各种形状和大小的建筑平面，当前这类屋面应用最为广泛。 平屋面主要有以下一些结构形式：\r\n\r\n1.多层住宅楼：一般为5~7层砖混结构，预制圆孔板或现浇平屋面，造价较低，量大面广。\r\n\r\n2.高层建筑：多为框架、框架一剪力墙、筒体等结构形式，现浇屋面板，屋面面积相对不大但变形较大，主要用作住宅、办公楼或商业旅游业设施。\r\n\r\n3.工业厂房：多为单层工业框、排架结构、大型屋面板。屋面因跨度较大和受外力影响而变形较大。\r\n\r\n4.大型公共建筑：跨度大，空间大，结构形式和受力复杂、变形大，如火车站、纪念馆等。 建筑屋面，特别对于我国北方广大地区，主要是解决保温与防水的问题，因此屋面的典型构造层次是：\r\nA.结构基层：多为预制圆孔板或现浇钢筋混凝上屋面板。\r\nB.隔汽层：为防止湿气进入保温层而设置，多为一层冷底子油或一层油毡。\r\nC.保温层：有现浇和预制装配两种，常用的保温材料有水泥珍珠岩，焦渣、加气混凝上块、聚苯乙烯泡沫塑料板等。\r\nD.水泥砂浆找平层\r\nE.防水层：可以是卷材、 涂膜等柔性防水层，也可以是细石混凝土加柔性嵌缝组成的刚性防水层。\r\nF.保护层：对于柔性屋面，为防止防水层过早老化，通常在防水层上增加一层保护层，多采用绿豆砂、水泥方砖，缸砖、浅色涂膜或现浇细石混凝土等。\r\n　\r\n\r\n　随着近年来我国建筑技术的发展，大跨度、轻型和高层建筑日益增多，使屋面结构的变形出现较大变化，而停车场，运动场、花园等屋面的出现，又使屋面功能大大增加，但是自八十年代以来，房屋渗漏问题成为我国工程建设中非常突出的问题。1991年，在建设部组织的对各地区100个城市1988—1990年峻工房屋调查中，发现屋面存在不同程度渗漏的占抽查总数的35％。我国每年仅用于屋面修缮的石油沥青卷材达2.4亿m2，石油沥青胶结材达27万吨，修缮费用超过12亿元。房屋渗漏直接影响到房屋的使用功能与用户安全，也给国家造成巨大经济损失。在房屋渗漏治理过程中， 由于措施不当，效果不好，以致出现年年漏、年年修，年年修、年年漏的现象。为解决好屋面渗漏水问题，我们对 屋面渗漏水产生的原因和治理维修方法等方面开展研究工作，以提高屋面渗漏水治理技术水平，改善居住和工作环境。\r\n　　\r\n\r\n我国的房屋建筑曾一度出现屋面渗漏率居高不下的情况，严重影响了房屋的使用功能。已建房屋屋面发生渗漏水问题，直接影响到人们的生活、工作和学习，通过对屋面渗漏水治理技术的研究，我们得出以下结论：', '2008-12-09 20:35:56', 0, 'admin');
INSERT INTO `news` VALUES (20, 2, '环境标准加速防水涂料市场的整顿', '屋顶是房屋最上层起覆盖作用的围护和承重结构，其最主要的功能之一是“遮风雨”。屋面根据排水坡度不同，可分为平屋面和坡屋面。一般平屋面的坡度在10%以下，最常用的坡度为2~3%，坡屋面的坡度则在10%以上。我国建筑传统上采用坡屋面，有双面坡，四面坡等。这种屋面坡度较大，伸缩自如，排水迅速、防水效果也比较好。六十年代以来，为减轻屋面自重、降低工程造价、提高屋面预制装配程度，普遍改为钢筋混凝土平屋面，多采用预制圆孔屋面板和现浇钢筋混凝土屋面板等。平屋面造价较低、施工方便、构造简单，外观简洁，适用于各种形状和大小的建筑平面，当前这类屋面应用最为广泛。 平屋面主要有以下一些结构形式：\r\n\r\n1.多层住宅楼：一般为5~7层砖混结构，预制圆孔板或现浇平屋面，造价较低，量大面广。\r\n\r\n2.高层建筑：多为框架、框架一剪力墙、筒体等结构形式，现浇屋面板，屋面面积相对不大但变形较大，主要用作住宅、办公楼或商业旅游业设施。\r\n\r\n3.工业厂房：多为单层工业框、排架结构、大型屋面板。屋面因跨度较大和受外力影响而变形较大。\r\n\r\n4.大型公共建筑：跨度大，空间大，结构形式和受力复杂、变形大，如火车站、纪念馆等。 建筑屋面，特别对于我国北方广大地区，主要是解决保温与防水的问题，因此屋面的典型构造层次是：\r\nA.结构基层：多为预制圆孔板或现浇钢筋混凝上屋面板。\r\nB.隔汽层：为防止湿气进入保温层而设置，多为一层冷底子油或一层油毡。\r\nC.保温层：有现浇和预制装配两种，常用的保温材料有水泥珍珠岩，焦渣、加气混凝上块、聚苯乙烯泡沫塑料板等。\r\nD.水泥砂浆找平层\r\nE.防水层：可以是卷材、 涂膜等柔性防水层，也可以是细石混凝土加柔性嵌缝组成的刚性防水层。\r\nF.保护层：对于柔性屋面，为防止防水层过早老化，通常在防水层上增加一层保护层，多采用绿豆砂、水泥方砖，缸砖、浅色涂膜或现浇细石混凝土等。\r\n　\r\n\r\n　随着近年来我国建筑技术的发展，大跨度、轻型和高层建筑日益增多，使屋面结构的变形出现较大变化，而停车场，运动场、花园等屋面的出现，又使屋面功能大大增加，但是自八十年代以来，房屋渗漏问题成为我国工程建设中非常突出的问题。1991年，在建设部组织的对各地区100个城市1988—1990年峻工房屋调查中，发现屋面存在不同程度渗漏的占抽查总数的35％。我国每年仅用于屋面修缮的石油沥青卷材达2.4亿m2，石油沥青胶结材达27万吨，修缮费用超过12亿元。房屋渗漏直接影响到房屋的使用功能与用户安全，也给国家造成巨大经济损失。在房屋渗漏治理过程中， 由于措施不当，效果不好，以致出现年年漏、年年修，年年修、年年漏的现象。为解决好屋面渗漏水问题，我们对 屋面渗漏水产生的原因和治理维修方法等方面开展研究工作，以提高屋面渗漏水治理技术水平，改善居住和工作环境。\r\n　　\r\n\r\n我国的房屋建筑曾一度出现屋面渗漏率居高不下的情况，严重影响了房屋的使用功能。已建房屋屋面发生渗漏水问题，直接影响到人们的生活、工作和学习，通过对屋面渗漏水治理技术的研究，我们得出以下结论：', '2012-12-08 20:36:25', 0, '');
INSERT INTO `news` VALUES (21, 3, '防水行业信用评价工作全面启动', '屋顶是房屋最上层起覆盖作用的围护和承重结构，其最主要的功能之一是“遮风雨”。屋面根据排水坡度不同，可分为平屋面和坡屋面。一般平屋面的坡度在10%以下，最常用的坡度为2~3%，坡屋面的坡度则在10%以上。我国建筑传统上采用坡屋面，有双面坡，四面坡等。这种屋面坡度较大，伸缩自如，排水迅速、防水效果也比较好。六十年代以来，为减轻屋面自重、降低工程造价、提高屋面预制装配程度，普遍改为钢筋混凝土平屋面，多采用预制圆孔屋面板和现浇钢筋混凝土屋面板等。平屋面造价较低、施工方便、构造简单，外观简洁，适用于各种形状和大小的建筑平面，当前这类屋面应用最为广泛。 平屋面主要有以下一些结构形式：\r\n\r\n1.多层住宅楼：一般为5~7层砖混结构，预制圆孔板或现浇平屋面，造价较低，量大面广。\r\n\r\n2.高层建筑：多为框架、框架一剪力墙、筒体等结构形式，现浇屋面板，屋面面积相对不大但变形较大，主要用作住宅、办公楼或商业旅游业设施。\r\n\r\n3.工业厂房：多为单层工业框、排架结构、大型屋面板。屋面因跨度较大和受外力影响而变形较大。\r\n\r\n4.大型公共建筑：跨度大，空间大，结构形式和受力复杂、变形大，如火车站、纪念馆等。 建筑屋面，特别对于我国北方广大地区，主要是解决保温与防水的问题，因此屋面的典型构造层次是：\r\nA.结构基层：多为预制圆孔板或现浇钢筋混凝上屋面板。\r\nB.隔汽层：为防止湿气进入保温层而设置，多为一层冷底子油或一层油毡。\r\nC.保温层：有现浇和预制装配两种，常用的保温材料有水泥珍珠岩，焦渣、加气混凝上块、聚苯乙烯泡沫塑料板等。\r\nD.水泥砂浆找平层\r\nE.防水层：可以是卷材、 涂膜等柔性防水层，也可以是细石混凝土加柔性嵌缝组成的刚性防水层。\r\nF.保护层：对于柔性屋面，为防止防水层过早老化，通常在防水层上增加一层保护层，多采用绿豆砂、水泥方砖，缸砖、浅色涂膜或现浇细石混凝土等。\r\n　\r\n\r\n　随着近年来我国建筑技术的发展，大跨度、轻型和高层建筑日益增多，使屋面结构的变形出现较大变化，而停车场，运动场、花园等屋面的出现，又使屋面功能大大增加，但是自八十年代以来，房屋渗漏问题成为我国工程建设中非常突出的问题。1991年，在建设部组织的对各地区100个城市1988—1990年峻工房屋调查中，发现屋面存在不同程度渗漏的占抽查总数的35％。我国每年仅用于屋面修缮的石油沥青卷材达2.4亿m2，石油沥青胶结材达27万吨，修缮费用超过12亿元。房屋渗漏直接影响到房屋的使用功能与用户安全，也给国家造成巨大经济损失。在房屋渗漏治理过程中， 由于措施不当，效果不好，以致出现年年漏、年年修，年年修、年年漏的现象。为解决好屋面渗漏水问题，我们对 屋面渗漏水产生的原因和治理维修方法等方面开展研究工作，以提高屋面渗漏水治理技术水平，改善居住和工作环境。\r\n　　\r\n\r\n我国的房屋建筑曾一度出现屋面渗漏率居高不下的情况，严重影响了房屋的使用功能。已建房屋屋面发生渗漏水问题，直接影响到人们的生活、工作和学习，通过对屋面渗漏水治理技术的研究，我们得出以下结论：', '2012-12-08 20:35:56', 0, 'admin001');
INSERT INTO `news` VALUES (22, 3, '环境标准加速防水涂料市场的整顿', '屋顶是房屋最上层起覆盖作用的围护和承重结构，其最主要的功能之一是“遮风雨”。屋面根据排水坡度不同，可分为平屋面和坡屋面。一般平屋面的坡度在10%以下，最常用的坡度为2~3%，坡屋面的坡度则在10%以上。我国建筑传统上采用坡屋面，有双面坡，四面坡等。这种屋面坡度较大，伸缩自如，排水迅速、防水效果也比较好。六十年代以来，为减轻屋面自重、降低工程造价、提高屋面预制装配程度，普遍改为钢筋混凝土平屋面，多采用预制圆孔屋面板和现浇钢筋混凝土屋面板等。平屋面造价较低、施工方便、构造简单，外观简洁，适用于各种形状和大小的建筑平面，当前这类屋面应用最为广泛。 平屋面主要有以下一些结构形式：\r\n\r\n1.多层住宅楼：一般为5~7层砖混结构，预制圆孔板或现浇平屋面，造价较低，量大面广。\r\n\r\n2.高层建筑：多为框架、框架一剪力墙、筒体等结构形式，现浇屋面板，屋面面积相对不大但变形较大，主要用作住宅、办公楼或商业旅游业设施。\r\n\r\n3.工业厂房：多为单层工业框、排架结构、大型屋面板。屋面因跨度较大和受外力影响而变形较大。\r\n\r\n4.大型公共建筑：跨度大，空间大，结构形式和受力复杂、变形大，如火车站、纪念馆等。 建筑屋面，特别对于我国北方广大地区，主要是解决保温与防水的问题，因此屋面的典型构造层次是：\r\nA.结构基层：多为预制圆孔板或现浇钢筋混凝上屋面板。\r\nB.隔汽层：为防止湿气进入保温层而设置，多为一层冷底子油或一层油毡。\r\nC.保温层：有现浇和预制装配两种，常用的保温材料有水泥珍珠岩，焦渣、加气混凝上块、聚苯乙烯泡沫塑料板等。\r\nD.水泥砂浆找平层\r\nE.防水层：可以是卷材、 涂膜等柔性防水层，也可以是细石混凝土加柔性嵌缝组成的刚性防水层。\r\nF.保护层：对于柔性屋面，为防止防水层过早老化，通常在防水层上增加一层保护层，多采用绿豆砂、水泥方砖，缸砖、浅色涂膜或现浇细石混凝土等。\r\n　\r\n\r\n　随着近年来我国建筑技术的发展，大跨度、轻型和高层建筑日益增多，使屋面结构的变形出现较大变化，而停车场，运动场、花园等屋面的出现，又使屋面功能大大增加，但是自八十年代以来，房屋渗漏问题成为我国工程建设中非常突出的问题。1991年，在建设部组织的对各地区100个城市1988—1990年峻工房屋调查中，发现屋面存在不同程度渗漏的占抽查总数的35％。我国每年仅用于屋面修缮的石油沥青卷材达2.4亿m2，石油沥青胶结材达27万吨，修缮费用超过12亿元。房屋渗漏直接影响到房屋的使用功能与用户安全，也给国家造成巨大经济损失。在房屋渗漏治理过程中， 由于措施不当，效果不好，以致出现年年漏、年年修，年年修、年年漏的现象。为解决好屋面渗漏水问题，我们对 屋面渗漏水产生的原因和治理维修方法等方面开展研究工作，以提高屋面渗漏水治理技术水平，改善居住和工作环境。\r\n　　\r\n\r\n我国的房屋建筑曾一度出现屋面渗漏率居高不下的情况，严重影响了房屋的使用功能。已建房屋屋面发生渗漏水问题，直接影响到人们的生活、工作和学习，通过对屋面渗漏水治理技术的研究，我们得出以下结论：', '2012-12-08 20:36:25', 0, '');
INSERT INTO `news` VALUES (23, 3, '防水行业信用评价工作全面启动', '屋顶是房屋最上层起覆盖作用的围护和承重结构，其最主要的功能之一是“遮风雨”。屋面根据排水坡度不同，可分为平屋面和坡屋面。一般平屋面的坡度在10%以下，最常用的坡度为2~3%，坡屋面的坡度则在10%以上。我国建筑传统上采用坡屋面，有双面坡，四面坡等。这种屋面坡度较大，伸缩自如，排水迅速、防水效果也比较好。六十年代以来，为减轻屋面自重、降低工程造价、提高屋面预制装配程度，普遍改为钢筋混凝土平屋面，多采用预制圆孔屋面板和现浇钢筋混凝土屋面板等。平屋面造价较低、施工方便、构造简单，外观简洁，适用于各种形状和大小的建筑平面，当前这类屋面应用最为广泛。 平屋面主要有以下一些结构形式：\r\n\r\n1.多层住宅楼：一般为5~7层砖混结构，预制圆孔板或现浇平屋面，造价较低，量大面广。\r\n\r\n2.高层建筑：多为框架、框架一剪力墙、筒体等结构形式，现浇屋面板，屋面面积相对不大但变形较大，主要用作住宅、办公楼或商业旅游业设施。\r\n\r\n3.工业厂房：多为单层工业框、排架结构、大型屋面板。屋面因跨度较大和受外力影响而变形较大。\r\n\r\n4.大型公共建筑：跨度大，空间大，结构形式和受力复杂、变形大，如火车站、纪念馆等。 建筑屋面，特别对于我国北方广大地区，主要是解决保温与防水的问题，因此屋面的典型构造层次是：\r\nA.结构基层：多为预制圆孔板或现浇钢筋混凝上屋面板。\r\nB.隔汽层：为防止湿气进入保温层而设置，多为一层冷底子油或一层油毡。\r\nC.保温层：有现浇和预制装配两种，常用的保温材料有水泥珍珠岩，焦渣、加气混凝上块、聚苯乙烯泡沫塑料板等。\r\nD.水泥砂浆找平层\r\nE.防水层：可以是卷材、 涂膜等柔性防水层，也可以是细石混凝土加柔性嵌缝组成的刚性防水层。\r\nF.保护层：对于柔性屋面，为防止防水层过早老化，通常在防水层上增加一层保护层，多采用绿豆砂、水泥方砖，缸砖、浅色涂膜或现浇细石混凝土等。\r\n　\r\n\r\n　随着近年来我国建筑技术的发展，大跨度、轻型和高层建筑日益增多，使屋面结构的变形出现较大变化，而停车场，运动场、花园等屋面的出现，又使屋面功能大大增加，但是自八十年代以来，房屋渗漏问题成为我国工程建设中非常突出的问题。1991年，在建设部组织的对各地区100个城市1988—1990年峻工房屋调查中，发现屋面存在不同程度渗漏的占抽查总数的35％。我国每年仅用于屋面修缮的石油沥青卷材达2.4亿m2，石油沥青胶结材达27万吨，修缮费用超过12亿元。房屋渗漏直接影响到房屋的使用功能与用户安全，也给国家造成巨大经济损失。在房屋渗漏治理过程中， 由于措施不当，效果不好，以致出现年年漏、年年修，年年修、年年漏的现象。为解决好屋面渗漏水问题，我们对 屋面渗漏水产生的原因和治理维修方法等方面开展研究工作，以提高屋面渗漏水治理技术水平，改善居住和工作环境。\r\n　　\r\n\r\n我国的房屋建筑曾一度出现屋面渗漏率居高不下的情况，严重影响了房屋的使用功能。已建房屋屋面发生渗漏水问题，直接影响到人们的生活、工作和学习，通过对屋面渗漏水治理技术的研究，我们得出以下结论：', '2012-12-08 20:35:56', 0, 'admin');
INSERT INTO `news` VALUES (24, 3, '环境标准加速防水涂料市场的整顿', '屋顶是房屋最上层起覆盖作用的围护和承重结构，其最主要的功能之一是“遮风雨”。屋面根据排水坡度不同，可分为平屋面和坡屋面。一般平屋面的坡度在10%以下，最常用的坡度为2~3%，坡屋面的坡度则在10%以上。我国建筑传统上采用坡屋面，有双面坡，四面坡等。这种屋面坡度较大，伸缩自如，排水迅速、防水效果也比较好。六十年代以来，为减轻屋面自重、降低工程造价、提高屋面预制装配程度，普遍改为钢筋混凝土平屋面，多采用预制圆孔屋面板和现浇钢筋混凝土屋面板等。平屋面造价较低、施工方便、构造简单，外观简洁，适用于各种形状和大小的建筑平面，当前这类屋面应用最为广泛。 平屋面主要有以下一些结构形式：\r\n\r\n1.多层住宅楼：一般为5~7层砖混结构，预制圆孔板或现浇平屋面，造价较低，量大面广。\r\n\r\n2.高层建筑：多为框架、框架一剪力墙、筒体等结构形式，现浇屋面板，屋面面积相对不大但变形较大，主要用作住宅、办公楼或商业旅游业设施。\r\n\r\n3.工业厂房：多为单层工业框、排架结构、大型屋面板。屋面因跨度较大和受外力影响而变形较大。\r\n\r\n4.大型公共建筑：跨度大，空间大，结构形式和受力复杂、变形大，如火车站、纪念馆等。 建筑屋面，特别对于我国北方广大地区，主要是解决保温与防水的问题，因此屋面的典型构造层次是：\r\nA.结构基层：多为预制圆孔板或现浇钢筋混凝上屋面板。\r\nB.隔汽层：为防止湿气进入保温层而设置，多为一层冷底子油或一层油毡。\r\nC.保温层：有现浇和预制装配两种，常用的保温材料有水泥珍珠岩，焦渣、加气混凝上块、聚苯乙烯泡沫塑料板等。\r\nD.水泥砂浆找平层\r\nE.防水层：可以是卷材、 涂膜等柔性防水层，也可以是细石混凝土加柔性嵌缝组成的刚性防水层。\r\nF.保护层：对于柔性屋面，为防止防水层过早老化，通常在防水层上增加一层保护层，多采用绿豆砂、水泥方砖，缸砖、浅色涂膜或现浇细石混凝土等。\r\n　\r\n\r\n　随着近年来我国建筑技术的发展，大跨度、轻型和高层建筑日益增多，使屋面结构的变形出现较大变化，而停车场，运动场、花园等屋面的出现，又使屋面功能大大增加，但是自八十年代以来，房屋渗漏问题成为我国工程建设中非常突出的问题。1991年，在建设部组织的对各地区100个城市1988—1990年峻工房屋调查中，发现屋面存在不同程度渗漏的占抽查总数的35％。我国每年仅用于屋面修缮的石油沥青卷材达2.4亿m2，石油沥青胶结材达27万吨，修缮费用超过12亿元。房屋渗漏直接影响到房屋的使用功能与用户安全，也给国家造成巨大经济损失。在房屋渗漏治理过程中， 由于措施不当，效果不好，以致出现年年漏、年年修，年年修、年年漏的现象。为解决好屋面渗漏水问题，我们对 屋面渗漏水产生的原因和治理维修方法等方面开展研究工作，以提高屋面渗漏水治理技术水平，改善居住和工作环境。\r\n　　\r\n\r\n我国的房屋建筑曾一度出现屋面渗漏率居高不下的情况，严重影响了房屋的使用功能。已建房屋屋面发生渗漏水问题，直接影响到人们的生活、工作和学习，通过对屋面渗漏水治理技术的研究，我们得出以下结论：', '2012-07-10 20:36:25', 0, '');
INSERT INTO `news` VALUES (25, 3, '防水行业信用评价工作全面启动', '屋顶是房屋最上层起覆盖作用的围护和承重结构，其最主要的功能之一是“遮风雨”。屋面根据排水坡度不同，可分为平屋面和坡屋面。一般平屋面的坡度在10%以下，最常用的坡度为2~3%，坡屋面的坡度则在10%以上。我国建筑传统上采用坡屋面，有双面坡，四面坡等。这种屋面坡度较大，伸缩自如，排水迅速、防水效果也比较好。六十年代以来，为减轻屋面自重、降低工程造价、提高屋面预制装配程度，普遍改为钢筋混凝土平屋面，多采用预制圆孔屋面板和现浇钢筋混凝土屋面板等。平屋面造价较低、施工方便、构造简单，外观简洁，适用于各种形状和大小的建筑平面，当前这类屋面应用最为广泛。 平屋面主要有以下一些结构形式：\r\n\r\n1.多层住宅楼：一般为5~7层砖混结构，预制圆孔板或现浇平屋面，造价较低，量大面广。\r\n\r\n2.高层建筑：多为框架、框架一剪力墙、筒体等结构形式，现浇屋面板，屋面面积相对不大但变形较大，主要用作住宅、办公楼或商业旅游业设施。\r\n\r\n3.工业厂房：多为单层工业框、排架结构、大型屋面板。屋面因跨度较大和受外力影响而变形较大。\r\n\r\n4.大型公共建筑：跨度大，空间大，结构形式和受力复杂、变形大，如火车站、纪念馆等。 建筑屋面，特别对于我国北方广大地区，主要是解决保温与防水的问题，因此屋面的典型构造层次是：\r\nA.结构基层：多为预制圆孔板或现浇钢筋混凝上屋面板。\r\nB.隔汽层：为防止湿气进入保温层而设置，多为一层冷底子油或一层油毡。\r\nC.保温层：有现浇和预制装配两种，常用的保温材料有水泥珍珠岩，焦渣、加气混凝上块、聚苯乙烯泡沫塑料板等。\r\nD.水泥砂浆找平层\r\nE.防水层：可以是卷材、 涂膜等柔性防水层，也可以是细石混凝土加柔性嵌缝组成的刚性防水层。\r\nF.保护层：对于柔性屋面，为防止防水层过早老化，通常在防水层上增加一层保护层，多采用绿豆砂、水泥方砖，缸砖、浅色涂膜或现浇细石混凝土等。\r\n　\r\n\r\n　随着近年来我国建筑技术的发展，大跨度、轻型和高层建筑日益增多，使屋面结构的变形出现较大变化，而停车场，运动场、花园等屋面的出现，又使屋面功能大大增加，但是自八十年代以来，房屋渗漏问题成为我国工程建设中非常突出的问题。1991年，在建设部组织的对各地区100个城市1988—1990年峻工房屋调查中，发现屋面存在不同程度渗漏的占抽查总数的35％。我国每年仅用于屋面修缮的石油沥青卷材达2.4亿m2，石油沥青胶结材达27万吨，修缮费用超过12亿元。房屋渗漏直接影响到房屋的使用功能与用户安全，也给国家造成巨大经济损失。在房屋渗漏治理过程中， 由于措施不当，效果不好，以致出现年年漏、年年修，年年修、年年漏的现象。为解决好屋面渗漏水问题，我们对 屋面渗漏水产生的原因和治理维修方法等方面开展研究工作，以提高屋面渗漏水治理技术水平，改善居住和工作环境。\r\n　　\r\n\r\n我国的房屋建筑曾一度出现屋面渗漏率居高不下的情况，严重影响了房屋的使用功能。已建房屋屋面发生渗漏水问题，直接影响到人们的生活、工作和学习，通过对屋面渗漏水治理技术的研究，我们得出以下结论：', '2012-12-08 20:35:56', 0, '');
INSERT INTO `news` VALUES (26, 3, '环境标准加速防水涂料市场的整顿', '屋顶是房屋最上层起覆盖作用的围护和承重结构，其最主要的功能之一是“遮风雨”。屋面根据排水坡度不同，可分为平屋面和坡屋面。一般平屋面的坡度在10%以下，最常用的坡度为2~3%，坡屋面的坡度则在10%以上。我国建筑传统上采用坡屋面，有双面坡，四面坡等。这种屋面坡度较大，伸缩自如，排水迅速、防水效果也比较好。六十年代以来，为减轻屋面自重、降低工程造价、提高屋面预制装配程度，普遍改为钢筋混凝土平屋面，多采用预制圆孔屋面板和现浇钢筋混凝土屋面板等。平屋面造价较低、施工方便、构造简单，外观简洁，适用于各种形状和大小的建筑平面，当前这类屋面应用最为广泛。 平屋面主要有以下一些结构形式：\r\n\r\n1.多层住宅楼：一般为5~7层砖混结构，预制圆孔板或现浇平屋面，造价较低，量大面广。\r\n\r\n2.高层建筑：多为框架、框架一剪力墙、筒体等结构形式，现浇屋面板，屋面面积相对不大但变形较大，主要用作住宅、办公楼或商业旅游业设施。\r\n\r\n3.工业厂房：多为单层工业框、排架结构、大型屋面板。屋面因跨度较大和受外力影响而变形较大。\r\n\r\n4.大型公共建筑：跨度大，空间大，结构形式和受力复杂、变形大，如火车站、纪念馆等。 建筑屋面，特别对于我国北方广大地区，主要是解决保温与防水的问题，因此屋面的典型构造层次是：\r\nA.结构基层：多为预制圆孔板或现浇钢筋混凝上屋面板。\r\nB.隔汽层：为防止湿气进入保温层而设置，多为一层冷底子油或一层油毡。\r\nC.保温层：有现浇和预制装配两种，常用的保温材料有水泥珍珠岩，焦渣、加气混凝上块、聚苯乙烯泡沫塑料板等。\r\nD.水泥砂浆找平层\r\nE.防水层：可以是卷材、 涂膜等柔性防水层，也可以是细石混凝土加柔性嵌缝组成的刚性防水层。\r\nF.保护层：对于柔性屋面，为防止防水层过早老化，通常在防水层上增加一层保护层，多采用绿豆砂、水泥方砖，缸砖、浅色涂膜或现浇细石混凝土等。\r\n　\r\n\r\n　随着近年来我国建筑技术的发展，大跨度、轻型和高层建筑日益增多，使屋面结构的变形出现较大变化，而停车场，运动场、花园等屋面的出现，又使屋面功能大大增加，但是自八十年代以来，房屋渗漏问题成为我国工程建设中非常突出的问题。1991年，在建设部组织的对各地区100个城市1988—1990年峻工房屋调查中，发现屋面存在不同程度渗漏的占抽查总数的35％。我国每年仅用于屋面修缮的石油沥青卷材达2.4亿m2，石油沥青胶结材达27万吨，修缮费用超过12亿元。房屋渗漏直接影响到房屋的使用功能与用户安全，也给国家造成巨大经济损失。在房屋渗漏治理过程中， 由于措施不当，效果不好，以致出现年年漏、年年修，年年修、年年漏的现象。为解决好屋面渗漏水问题，我们对 屋面渗漏水产生的原因和治理维修方法等方面开展研究工作，以提高屋面渗漏水治理技术水平，改善居住和工作环境。\r\n　　\r\n\r\n我国的房屋建筑曾一度出现屋面渗漏率居高不下的情况，严重影响了房屋的使用功能。已建房屋屋面发生渗漏水问题，直接影响到人们的生活、工作和学习，通过对屋面渗漏水治理技术的研究，我们得出以下结论：', '2012-12-08 20:36:25', 0, '');
INSERT INTO `news` VALUES (27, 0, 'aaaaaa', 'bbbbb', '2017-08-28 10:52:57', 0, '');

SET FOREIGN_KEY_CHECKS = 1;
